git_commit,n_reps,base_seed,seed,rep,policy,removal_policy,diagnosis_probability,diagnosis_uncertainty,multiplier,training_time_hrs,etr,total_failures,systematic_failures,misattributed_repairs,nonfaulty_repairs,servers_retired,faulty_in_pool_timeavg,faulty_in_active_timeavg,n_monitor_samples,host_selection_count,preemption_count,job_stall_count,cluster_depleted,wall_seconds,params_json
0cab8fbdf454051a868a13743d1790b4ca4a1673,30,42,42,0,Random,NeverRemove,1.0,0.0,5.0,9881.04999999999,0.6217962665910969,11191,716,0,10355,0,63.58044930176078,63.287795992714024,1647,41,14,0,0,23.82,"{""adaptive_replications"": true, ""auto_repair_fail_prob"": 0.4, ""auto_repair_time"": 120.0, ""bad_server_regen_interval"": 43200, ""bad_server_regeneration"": false, ""confidence_level"": 0.95, ""diagnosis_probability"": 1.0, ""diagnosis_uncertainty"": 0.0, ""enable_topology"": false, ""failure_distribution"": ""exponential"", ""host_selection_time"": 3.0, ""job_length"": 368640, ""job_size"": 4096, ""lognormal_sigma"": 1.0, ""manual_repair_fail_prob"": 0.2, ""manual_repair_time"": 2880.0, ""max_replications"": 500, ""num_replications"": 30, ""preemption_wait_time"": 20.0, ""prob_auto_to_manual"": 0.8, ""rack_size"": 8, ""random_failure_rate"": 6.944444e-06, ""recovery_time"": 20.0, ""relative_accuracy"": 0.05, ""seed"": 42, ""spare_pool_size"": 200, ""systematic_failure_fraction"": 0.15, ""systematic_failure_rate_multiplier"": 5.0, ""warm_standbys"": 16, ""weibull_shape"": 1.0, ""working_pool_size"": 4160}"
0cab8fbdf454051a868a13743d1790b4ca4a1673,30,42,43,1,Random,NeverRemove,0.8,0.0,5.0,9932.599999999942,0.6185691561122,11361,916,0,8161,0,79.487922705314,78.73550724637681,1656,32,0,0,0,26.3,"{""adaptive_replications"": true, ""auto_repair_fail_prob"": 0.4, ""auto_repair_time"": 120.0, ""bad_server_regen_interval"": 43200, ""bad_server_regeneration"": false, ""confidence_level"": 0.95, ""diagnosis_probability"": 0.8, ""diagnosis_uncertainty"": 0.0, ""enable_topology"": false, ""failure_distribution"": ""exponential"", ""host_selection_time"": 3.0, ""job_length"": 368640, ""job_size"": 4096, ""lognormal_sigma"": 1.0, ""manual_repair_fail_prob"": 0.2, ""manual_repair_time"": 2880.0, ""max_replications"": 500, ""num_replications"": 30, ""preemption_wait_time"": 20.0, ""prob_auto_to_manual"": 0.8, ""rack_size"": 8, ""random_failure_rate"": 6.944444e-06, ""recovery_time"": 20.0, ""relative_accuracy"": 0.05, ""seed"": 43, ""spare_pool_size"": 200, ""systematic_failure_fraction"": 0.15, ""systematic_failure_rate_multiplier"": 5.0, ""warm_standbys"": 16, ""weibull_shape"": 1.0, ""working_pool_size"": 4160}"
0cab8fbdf454051a868a13743d1790b4ca4a1673,30,42,43,1,Random,NeverRemove,1.0,0.0,5.0,9877.616666666758,0.6220123950278125,11184,674,0,10371,0,60.643594414086216,60.31390406800243,1647,39,11,0,0,26.45,"{""adaptive_replications"": true, ""auto_repair_fail_prob"": 0.4, ""auto_repair_time"": 120.0, ""bad_server_regen_interval"": 43200, ""bad_server_regeneration"": false, ""confidence_level"": 0.95, ""diagnosis_probability"": 1.0, ""diagnosis_uncertainty"": 0.0, ""enable_topology"": false, ""failure_distribution"": ""exponential"", ""host_selection_time"": 3.0, ""job_length"": 368640, ""job_size"": 4096, ""lognormal_sigma"": 1.0, ""manual_repair_fail_prob"": 0.2, ""manual_repair_time"": 2880.0, ""max_replications"": 500, ""num_replications"": 30, ""preemption_wait_time"": 20.0, ""prob_auto_to_manual"": 0.8, ""rack_size"": 8, ""random_failure_rate"": 6.944444e-06, ""recovery_time"": 20.0, ""relative_accuracy"": 0.05, ""seed"": 43, ""spare_pool_size"": 200, ""systematic_failure_fraction"": 0.15, ""systematic_failure_rate_multiplier"": 5.0, ""warm_standbys"": 16, ""weibull_shape"": 1.0, ""working_pool_size"": 4160}"
0cab8fbdf454051a868a13743d1790b4ca4a1673,30,42,42,0,Random,NeverRemove,0.8,0.0,5.0,9940.61666666662,0.6180703075094247,11384,866,0,8336,0,72.91792395896198,72.25347012673507,1657,39,0,0,0,33.37,"{""adaptive_replications"": true, ""auto_repair_fail_prob"": 0.4, ""auto_repair_time"": 120.0, ""bad_server_regen_interval"": 43200, ""bad_server_regeneration"": false, ""confidence_level"": 0.95, ""diagnosis_probability"": 0.8, ""diagnosis_uncertainty"": 0.0, ""enable_topology"": false, ""failure_distribution"": ""exponential"", ""host_selection_time"": 3.0, ""job_length"": 368640, ""job_size"": 4096, ""lognormal_sigma"": 1.0, ""manual_repair_fail_prob"": 0.2, ""manual_repair_time"": 2880.0, ""max_replications"": 500, ""num_replications"": 30, ""preemption_wait_time"": 20.0, ""prob_auto_to_manual"": 0.8, ""rack_size"": 8, ""random_failure_rate"": 6.944444e-06, ""recovery_time"": 20.0, ""relative_accuracy"": 0.05, ""seed"": 42, ""spare_pool_size"": 200, ""systematic_failure_fraction"": 0.15, ""systematic_failure_rate_multiplier"": 5.0, ""warm_standbys"": 16, ""weibull_shape"": 1.0, ""working_pool_size"": 4160}"
0cab8fbdf454051a868a13743d1790b4ca4a1673,30,42,44,2,Random,NeverRemove,1.0,0.0,5.0,9810.91666666669,0.6262411769202678,10980,682,0,10162,0,59.544009779951104,59.17542787286064,1636,45,14,0,0,25.26,"{""adaptive_replications"": true, ""auto_repair_fail_prob"": 0.4, ""auto_repair_time"": 120.0, ""bad_server_regen_interval"": 43200, ""bad_server_regeneration"": false, ""confidence_level"": 0.95, ""diagnosis_probability"": 1.0, ""diagnosis_uncertainty"": 0.0, ""enable_topology"": false, ""failure_distribution"": ""exponential"", ""host_selection_time"": 3.0, ""job_length"": 368640, ""job_size"": 4096, ""lognormal_sigma"": 1.0, ""manual_repair_fail_prob"": 0.2, ""manual_repair_time"": 2880.0, ""max_replications"": 500, ""num_replications"": 30, ""preemption_wait_time"": 20.0, ""prob_auto_to_manual"": 0.8, ""rack_size"": 8, ""random_failure_rate"": 6.944444e-06, ""recovery_time"": 20.0, ""relative_accuracy"": 0.05, ""seed"": 44, ""spare_pool_size"": 200, ""systematic_failure_fraction"": 0.15, ""systematic_failure_rate_multiplier"": 5.0, ""warm_standbys"": 16, ""weibull_shape"": 1.0, ""working_pool_size"": 4160}"
0cab8fbdf454051a868a13743d1790b4ca4a1673,30,42,45,3,Random,NeverRemove,1.0,0.0,5.0,9930.233333333328,0.6187165793351603,11343,666,0,10546,0,58.13768115942029,57.89190821256039,1656,38,10,0,0,26.01,"{""adaptive_replications"": true, ""auto_repair_fail_prob"": 0.4, ""auto_repair_time"": 120.0, ""bad_server_regen_interval"": 43200, ""bad_server_regeneration"": false, ""confidence_level"": 0.95, ""diagnosis_probability"": 1.0, ""diagnosis_uncertainty"": 0.0, ""enable_topology"": false, ""failure_distribution"": ""exponential"", ""host_selection_time"": 3.0, ""job_length"": 368640, ""job_size"": 4096, ""lognormal_sigma"": 1.0, ""manual_repair_fail_prob"": 0.2, ""manual_repair_time"": 2880.0, ""max_replications"": 500, ""num_replications"": 30, ""preemption_wait_time"": 20.0, ""prob_auto_to_manual"": 0.8, ""rack_size"": 8, ""random_failure_rate"": 6.944444e-06, ""recovery_time"": 20.0, ""relative_accuracy"": 0.05, ""seed"": 45, ""spare_pool_size"": 200, ""systematic_failure_fraction"": 0.15, ""systematic_failure_rate_multiplier"": 5.0, ""warm_standbys"": 16, ""weibull_shape"": 1.0, ""working_pool_size"": 4160}"
0cab8fbdf454051a868a13743d1790b4ca4a1673,30,42,45,3,Random,NeverRemove,0.8,0.0,5.0,9899.416666666655,0.6206426304580256,11261,888,0,8139,0,73.99757575757576,73.20363636363636,1650,35,0,0,0,27.2,"{""adaptive_replications"": true, ""auto_repair_fail_prob"": 0.4, ""auto_repair_time"": 120.0, ""bad_server_regen_interval"": 43200, ""bad_server_regeneration"": false, ""confidence_level"": 0.95, ""diagnosis_probability"": 0.8, ""diagnosis_uncertainty"": 0.0, ""enable_topology"": false, ""failure_distribution"": ""exponential"", ""host_selection_time"": 3.0, ""job_length"": 368640, ""job_size"": 4096, ""lognormal_sigma"": 1.0, ""manual_repair_fail_prob"": 0.2, ""manual_repair_time"": 2880.0, ""max_replications"": 500, ""num_replications"": 30, ""preemption_wait_time"": 20.0, ""prob_auto_to_manual"": 0.8, ""rack_size"": 8, ""random_failure_rate"": 6.944444e-06, ""recovery_time"": 20.0, ""relative_accuracy"": 0.05, ""seed"": 45, ""spare_pool_size"": 200, ""systematic_failure_fraction"": 0.15, ""systematic_failure_rate_multiplier"": 5.0, ""warm_standbys"": 16, ""weibull_shape"": 1.0, ""working_pool_size"": 4160}"
0cab8fbdf454051a868a13743d1790b4ca4a1673,30,42,44,2,Random,NeverRemove,0.8,0.0,5.0,9870.083333333307,0.6224871454986056,11173,840,0,8041,0,73.47934386391252,72.6591737545565,1646,35,0,0,0,38.83,"{""adaptive_replications"": true, ""auto_repair_fail_prob"": 0.4, ""auto_repair_time"": 120.0, ""bad_server_regen_interval"": 43200, ""bad_server_regeneration"": false, ""confidence_level"": 0.95, ""diagnosis_probability"": 0.8, ""diagnosis_uncertainty"": 0.0, ""enable_topology"": false, ""failure_distribution"": ""exponential"", ""host_selection_time"": 3.0, ""job_length"": 368640, ""job_size"": 4096, ""lognormal_sigma"": 1.0, ""manual_repair_fail_prob"": 0.2, ""manual_repair_time"": 2880.0, ""max_replications"": 500, ""num_replications"": 30, ""preemption_wait_time"": 20.0, ""prob_auto_to_manual"": 0.8, ""rack_size"": 8, ""random_failure_rate"": 6.944444e-06, ""recovery_time"": 20.0, ""relative_accuracy"": 0.05, ""seed"": 44, ""spare_pool_size"": 200, ""systematic_failure_fraction"": 0.15, ""systematic_failure_rate_multiplier"": 5.0, ""warm_standbys"": 16, ""weibull_shape"": 1.0, ""working_pool_size"": 4160}"
0cab8fbdf454051a868a13743d1790b4ca4a1673,30,42,46,4,Random,NeverRemove,1.0,0.0,5.0,9893.666666666708,0.6210033354671368,11232,684,0,10401,0,60.847180109157065,60.548817465130384,1649,40,11,0,0,24.43,"{""adaptive_replications"": true, ""auto_repair_fail_prob"": 0.4, ""auto_repair_time"": 120.0, ""bad_server_regen_interval"": 43200, ""bad_server_regeneration"": false, ""confidence_level"": 0.95, ""diagnosis_probability"": 1.0, ""diagnosis_uncertainty"": 0.0, ""enable_topology"": false, ""failure_distribution"": ""exponential"", ""host_selection_time"": 3.0, ""job_length"": 368640, ""job_size"": 4096, ""lognormal_sigma"": 1.0, ""manual_repair_fail_prob"": 0.2, ""manual_repair_time"": 2880.0, ""max_replications"": 500, ""num_replications"": 30, ""preemption_wait_time"": 20.0, ""prob_auto_to_manual"": 0.8, ""rack_size"": 8, ""random_failure_rate"": 6.944444e-06, ""recovery_time"": 20.0, ""relative_accuracy"": 0.05, ""seed"": 46, ""spare_pool_size"": 200, ""systematic_failure_fraction"": 0.15, ""systematic_failure_rate_multiplier"": 5.0, ""warm_standbys"": 16, ""weibull_shape"": 1.0, ""working_pool_size"": 4160}"
0cab8fbdf454051a868a13743d1790b4ca4a1673,30,42,47,5,Random,NeverRemove,1.0,0.0,5.0,9841.483333333337,0.6242961342209568,11075,657,0,10287,0,57.855575868372945,57.52650822669104,1641,43,11,0,0,28.41,"{""adaptive_replications"": true, ""auto_repair_fail_prob"": 0.4, ""auto_repair_time"": 120.0, ""bad_server_regen_interval"": 43200, ""bad_server_regeneration"": false, ""confidence_level"": 0.95, ""diagnosis_probability"": 1.0, ""diagnosis_uncertainty"": 0.0, ""enable_topology"": false, ""failure_distribution"": ""exponential"", ""host_selection_time"": 3.0, ""job_length"": 368640, ""job_size"": 4096, ""lognormal_sigma"": 1.0, ""manual_repair_fail_prob"": 0.2, ""manual_repair_time"": 2880.0, ""max_replications"": 500, ""num_replications"": 30, ""preemption_wait_time"": 20.0, ""prob_auto_to_manual"": 0.8, ""rack_size"": 8, ""random_failure_rate"": 6.944444e-06, ""recovery_time"": 20.0, ""relative_accuracy"": 0.05, ""seed"": 47, ""spare_pool_size"": 200, ""systematic_failure_fraction"": 0.15, ""systematic_failure_rate_multiplier"": 5.0, ""warm_standbys"": 16, ""weibull_shape"": 1.0, ""working_pool_size"": 4160}"
0cab8fbdf454051a868a13743d1790b4ca4a1673,30,42,46,4,Random,NeverRemove,0.8,0.0,5.0,9937.166666666688,0.618284890059205,11375,852,0,8260,0,75.0229330114665,74.44900422450212,1657,30,0,0,0,40.36,"{""adaptive_replications"": true, ""auto_repair_fail_prob"": 0.4, ""auto_repair_time"": 120.0, ""bad_server_regen_interval"": 43200, ""bad_server_regeneration"": false, ""confidence_level"": 0.95, ""diagnosis_probability"": 0.8, ""diagnosis_uncertainty"": 0.0, ""enable_topology"": false, ""failure_distribution"": ""exponential"", ""host_selection_time"": 3.0, ""job_length"": 368640, ""job_size"": 4096, ""lognormal_sigma"": 1.0, ""manual_repair_fail_prob"": 0.2, ""manual_repair_time"": 2880.0, ""max_replications"": 500, ""num_replications"": 30, ""preemption_wait_time"": 20.0, ""prob_auto_to_manual"": 0.8, ""rack_size"": 8, ""random_failure_rate"": 6.944444e-06, ""recovery_time"": 20.0, ""relative_accuracy"": 0.05, ""seed"": 46, ""spare_pool_size"": 200, ""systematic_failure_fraction"": 0.15, ""systematic_failure_rate_multiplier"": 5.0, ""warm_standbys"": 16, ""weibull_shape"": 1.0, ""working_pool_size"": 4160}"
0cab8fbdf454051a868a13743d1790b4ca4a1673,30,42,47,5,Random,NeverRemove,0.8,0.0,5.0,9912.516666666626,0.6198224130770744,11300,879,0,8283,0,74.64912280701755,74.02722323049002,1653,37,0,0,0,41.03,"{""adaptive_replications"": true, ""auto_repair_fail_prob"": 0.4, ""auto_repair_time"": 120.0, ""bad_server_regen_interval"": 43200, ""bad_server_regeneration"": false, ""confidence_level"": 0.95, ""diagnosis_probability"": 0.8, ""diagnosis_uncertainty"": 0.0, ""enable_topology"": false, ""failure_distribution"": ""exponential"", ""host_selection_time"": 3.0, ""job_length"": 368640, ""job_size"": 4096, ""lognormal_sigma"": 1.0, ""manual_repair_fail_prob"": 0.2, ""manual_repair_time"": 2880.0, ""max_replications"": 500, ""num_replications"": 30, ""preemption_wait_time"": 20.0, ""prob_auto_to_manual"": 0.8, ""rack_size"": 8, ""random_failure_rate"": 6.944444e-06, ""recovery_time"": 20.0, ""relative_accuracy"": 0.05, ""seed"": 47, ""spare_pool_size"": 200, ""systematic_failure_fraction"": 0.15, ""systematic_failure_rate_multiplier"": 5.0, ""warm_standbys"": 16, ""weibull_shape"": 1.0, ""working_pool_size"": 4160}"
0cab8fbdf454051a868a13743d1790b4ca4a1673,30,42,48,6,Random,NeverRemove,1.0,0.0,5.0,9835.916666666622,0.6246494564987171,11057,682,0,10256,0,60.83170731707317,60.510365853658534,1640,45,12,0,0,38.08,"{""adaptive_replications"": true, ""auto_repair_fail_prob"": 0.4, ""auto_repair_time"": 120.0, ""bad_server_regen_interval"": 43200, ""bad_server_regeneration"": false, ""confidence_level"": 0.95, ""diagnosis_probability"": 1.0, ""diagnosis_uncertainty"": 0.0, ""enable_topology"": false, ""failure_distribution"": ""exponential"", ""host_selection_time"": 3.0, ""job_length"": 368640, ""job_size"": 4096, ""lognormal_sigma"": 1.0, ""manual_repair_fail_prob"": 0.2, ""manual_repair_time"": 2880.0, ""max_replications"": 500, ""num_replications"": 30, ""preemption_wait_time"": 20.0, ""prob_auto_to_manual"": 0.8, ""rack_size"": 8, ""random_failure_rate"": 6.944444e-06, ""recovery_time"": 20.0, ""relative_accuracy"": 0.05, ""seed"": 48, ""spare_pool_size"": 200, ""systematic_failure_fraction"": 0.15, ""systematic_failure_rate_multiplier"": 5.0, ""warm_standbys"": 16, ""weibull_shape"": 1.0, ""working_pool_size"": 4160}"
0cab8fbdf454051a868a13743d1790b4ca4a1673,30,42,48,6,Random,NeverRemove,0.8,0.0,5.0,9926.849999999995,0.6189274543284101,11343,890,0,8213,0,75.78549848942598,75.03262839879154,1655,37,0,0,0,37.94,"{""adaptive_replications"": true, ""auto_repair_fail_prob"": 0.4, ""auto_repair_time"": 120.0, ""bad_server_regen_interval"": 43200, ""bad_server_regeneration"": false, ""confidence_level"": 0.95, ""diagnosis_probability"": 0.8, ""diagnosis_uncertainty"": 0.0, ""enable_topology"": false, ""failure_distribution"": ""exponential"", ""host_selection_time"": 3.0, ""job_length"": 368640, ""job_size"": 4096, ""lognormal_sigma"": 1.0, ""manual_repair_fail_prob"": 0.2, ""manual_repair_time"": 2880.0, ""max_replications"": 500, ""num_replications"": 30, ""preemption_wait_time"": 20.0, ""prob_auto_to_manual"": 0.8, ""rack_size"": 8, ""random_failure_rate"": 6.944444e-06, ""recovery_time"": 20.0, ""relative_accuracy"": 0.05, ""seed"": 48, ""spare_pool_size"": 200, ""systematic_failure_fraction"": 0.15, ""systematic_failure_rate_multiplier"": 5.0, ""warm_standbys"": 16, ""weibull_shape"": 1.0, ""working_pool_size"": 4160}"
0cab8fbdf454051a868a13743d1790b4ca4a1673,30,42,49,7,Random,NeverRemove,1.0,0.0,5.0,9928.633333333333,0.6188162855579284,11335,681,0,10512,0,60.31963746223565,59.860422960725074,1655,46,12,0,0,40.84,"{""adaptive_replications"": true, ""auto_repair_fail_prob"": 0.4, ""auto_repair_time"": 120.0, ""bad_server_regen_interval"": 43200, ""bad_server_regeneration"": false, ""confidence_level"": 0.95, ""diagnosis_probability"": 1.0, ""diagnosis_uncertainty"": 0.0, ""enable_topology"": false, ""failure_distribution"": ""exponential"", ""host_selection_time"": 3.0, ""job_length"": 368640, ""job_size"": 4096, ""lognormal_sigma"": 1.0, ""manual_repair_fail_prob"": 0.2, ""manual_repair_time"": 2880.0, ""max_replications"": 500, ""num_replications"": 30, ""preemption_wait_time"": 20.0, ""prob_auto_to_manual"": 0.8, ""rack_size"": 8, ""random_failure_rate"": 6.944444e-06, ""recovery_time"": 20.0, ""relative_accuracy"": 0.05, ""seed"": 49, ""spare_pool_size"": 200, ""systematic_failure_fraction"": 0.15, ""systematic_failure_rate_multiplier"": 5.0, ""warm_standbys"": 16, ""weibull_shape"": 1.0, ""working_pool_size"": 4160}"
0cab8fbdf454051a868a13743d1790b4ca4a1673,30,42,49,7,Random,NeverRemove,0.8,0.0,5.0,9923.233333333328,0.6191530314380089,11332,871,0,8223,0,76.5659008464329,75.99818621523579,1654,38,0,0,0,31.78,"{""adaptive_replications"": true, ""auto_repair_fail_prob"": 0.4, ""auto_repair_time"": 120.0, ""bad_server_regen_interval"": 43200, ""bad_server_regeneration"": false, ""confidence_level"": 0.95, ""diagnosis_probability"": 0.8, ""diagnosis_uncertainty"": 0.0, ""enable_topology"": false, ""failure_distribution"": ""exponential"", ""host_selection_time"": 3.0, ""job_length"": 368640, ""job_size"": 4096, ""lognormal_sigma"": 1.0, ""manual_repair_fail_prob"": 0.2, ""manual_repair_time"": 2880.0, ""max_replications"": 500, ""num_replications"": 30, ""preemption_wait_time"": 20.0, ""prob_auto_to_manual"": 0.8, ""rack_size"": 8, ""random_failure_rate"": 6.944444e-06, ""recovery_time"": 20.0, ""relative_accuracy"": 0.05, ""seed"": 49, ""spare_pool_size"": 200, ""systematic_failure_fraction"": 0.15, ""systematic_failure_rate_multiplier"": 5.0, ""warm_standbys"": 16, ""weibull_shape"": 1.0, ""working_pool_size"": 4160}"
0cab8fbdf454051a868a13743d1790b4ca4a1673,30,42,50,8,Random,NeverRemove,1.0,0.0,5.0,9902.433333333316,0.6204535585529506,11246,697,0,10422,0,61.01514233797698,60.63113264688068,1651,42,23,0,0,41.98,"{""adaptive_replications"": true, ""auto_repair_fail_prob"": 0.4, ""auto_repair_time"": 120.0, ""bad_server_regen_interval"": 43200, ""bad_server_regeneration"": false, ""confidence_level"": 0.95, ""diagnosis_probability"": 1.0, ""diagnosis_uncertainty"": 0.0, ""enable_topology"": false, ""failure_distribution"": ""exponential"", ""host_selection_time"": 3.0, ""job_length"": 368640, ""job_size"": 4096, ""lognormal_sigma"": 1.0, ""manual_repair_fail_prob"": 0.2, ""manual_repair_time"": 2880.0, ""max_replications"": 500, ""num_replications"": 30, ""preemption_wait_time"": 20.0, ""prob_auto_to_manual"": 0.8, ""rack_size"": 8, ""random_failure_rate"": 6.944444e-06, ""recovery_time"": 20.0, ""relative_accuracy"": 0.05, ""seed"": 50, ""spare_pool_size"": 200, ""systematic_failure_fraction"": 0.15, ""systematic_failure_rate_multiplier"": 5.0, ""warm_standbys"": 16, ""weibull_shape"": 1.0, ""working_pool_size"": 4160}"
0cab8fbdf454051a868a13743d1790b4ca4a1673,30,42,50,8,Random,NeverRemove,0.8,0.0,5.0,9915.949999999993,0.6196078035891674,11310,865,0,8215,0,74.82516636418633,74.01572897761646,1653,39,0,0,0,33.38,"{""adaptive_replications"": true, ""auto_repair_fail_prob"": 0.4, ""auto_repair_time"": 120.0, ""bad_server_regen_interval"": 43200, ""bad_server_regeneration"": false, ""confidence_level"": 0.95, ""diagnosis_probability"": 0.8, ""diagnosis_uncertainty"": 0.0, ""enable_topology"": false, ""failure_distribution"": ""exponential"", ""host_selection_time"": 3.0, ""job_length"": 368640, ""job_size"": 4096, ""lognormal_sigma"": 1.0, ""manual_repair_fail_prob"": 0.2, ""manual_repair_time"": 2880.0, ""max_replications"": 500, ""num_replications"": 30, ""preemption_wait_time"": 20.0, ""prob_auto_to_manual"": 0.8, ""rack_size"": 8, ""random_failure_rate"": 6.944444e-06, ""recovery_time"": 20.0, ""relative_accuracy"": 0.05, ""seed"": 50, ""spare_pool_size"": 200, ""systematic_failure_fraction"": 0.15, ""systematic_failure_rate_multiplier"": 5.0, ""warm_standbys"": 16, ""weibull_shape"": 1.0, ""working_pool_size"": 4160}"
0cab8fbdf454051a868a13743d1790b4ca4a1673,30,42,51,9,Random,NeverRemove,1.0,0.0,5.0,9865.949999999992,0.6227479360831991,11148,690,0,10324,0,61.30881458966565,60.90516717325228,1645,39,12,0,0,41.43,"{""adaptive_replications"": true, ""auto_repair_fail_prob"": 0.4, ""auto_repair_time"": 120.0, ""bad_server_regen_interval"": 43200, ""bad_server_regeneration"": false, ""confidence_level"": 0.95, ""diagnosis_probability"": 1.0, ""diagnosis_uncertainty"": 0.0, ""enable_topology"": false, ""failure_distribution"": ""exponential"", ""host_selection_time"": 3.0, ""job_length"": 368640, ""job_size"": 4096, ""lognormal_sigma"": 1.0, ""manual_repair_fail_prob"": 0.2, ""manual_repair_time"": 2880.0, ""max_replications"": 500, ""num_replications"": 30, ""preemption_wait_time"": 20.0, ""prob_auto_to_manual"": 0.8, ""rack_size"": 8, ""random_failure_rate"": 6.944444e-06, ""recovery_time"": 20.0, ""relative_accuracy"": 0.05, ""seed"": 51, ""spare_pool_size"": 200, ""systematic_failure_fraction"": 0.15, ""systematic_failure_rate_multiplier"": 5.0, ""warm_standbys"": 16, ""weibull_shape"": 1.0, ""working_pool_size"": 4160}"
0cab8fbdf454051a868a13743d1790b4ca4a1673,30,42,51,9,Random,NeverRemove,0.8,0.0,5.0,9920.849999999957,0.6193017735375492,11325,859,0,8166,0,76.14449818621523,75.47883917775091,1654,37,0,0,0,42.33,"{""adaptive_replications"": true, ""auto_repair_fail_prob"": 0.4, ""auto_repair_time"": 120.0, ""bad_server_regen_interval"": 43200, ""bad_server_regeneration"": false, ""confidence_level"": 0.95, ""diagnosis_probability"": 0.8, ""diagnosis_uncertainty"": 0.0, ""enable_topology"": false, ""failure_distribution"": ""exponential"", ""host_selection_time"": 3.0, ""job_length"": 368640, ""job_size"": 4096, ""lognormal_sigma"": 1.0, ""manual_repair_fail_prob"": 0.2, ""manual_repair_time"": 2880.0, ""max_replications"": 500, ""num_replications"": 30, ""preemption_wait_time"": 20.0, ""prob_auto_to_manual"": 0.8, ""rack_size"": 8, ""random_failure_rate"": 6.944444e-06, ""recovery_time"": 20.0, ""relative_accuracy"": 0.05, ""seed"": 51, ""spare_pool_size"": 200, ""systematic_failure_fraction"": 0.15, ""systematic_failure_rate_multiplier"": 5.0, ""warm_standbys"": 16, ""weibull_shape"": 1.0, ""working_pool_size"": 4160}"
0cab8fbdf454051a868a13743d1790b4ca4a1673,30,42,52,10,Random,NeverRemove,1.0,0.0,5.0,9845.199999999973,0.6240604558566605,11086,671,0,10286,0,59.109079829372334,58.85801340645948,1641,44,11,0,0,33.7,"{""adaptive_replications"": true, ""auto_repair_fail_prob"": 0.4, ""auto_repair_time"": 120.0, ""bad_server_regen_interval"": 43200, ""bad_server_regeneration"": false, ""confidence_level"": 0.95, ""diagnosis_probability"": 1.0, ""diagnosis_uncertainty"": 0.0, ""enable_topology"": false, ""failure_distribution"": ""exponential"", ""host_selection_time"": 3.0, ""job_length"": 368640, ""job_size"": 4096, ""lognormal_sigma"": 1.0, ""manual_repair_fail_prob"": 0.2, ""manual_repair_time"": 2880.0, ""max_replications"": 500, ""num_replications"": 30, ""preemption_wait_time"": 20.0, ""prob_auto_to_manual"": 0.8, ""rack_size"": 8, ""random_failure_rate"": 6.944444e-06, ""recovery_time"": 20.0, ""relative_accuracy"": 0.05, ""seed"": 52, ""spare_pool_size"": 200, ""systematic_failure_fraction"": 0.15, ""systematic_failure_rate_multiplier"": 5.0, ""warm_standbys"": 16, ""weibull_shape"": 1.0, ""working_pool_size"": 4160}"
0cab8fbdf454051a868a13743d1790b4ca4a1673,30,42,52,10,Random,NeverRemove,0.8,0.0,5.0,9869.416666666648,0.6225291937213423,11171,858,0,8155,0,73.53920972644377,72.97993920972644,1645,35,0,0,0,35.05,"{""adaptive_replications"": true, ""auto_repair_fail_prob"": 0.4, ""auto_repair_time"": 120.0, ""bad_server_regen_interval"": 43200, ""bad_server_regeneration"": false, ""confidence_level"": 0.95, ""diagnosis_probability"": 0.8, ""diagnosis_uncertainty"": 0.0, ""enable_topology"": false, ""failure_distribution"": ""exponential"", ""host_selection_time"": 3.0, ""job_length"": 368640, ""job_size"": 4096, ""lognormal_sigma"": 1.0, ""manual_repair_fail_prob"": 0.2, ""manual_repair_time"": 2880.0, ""max_replications"": 500, ""num_replications"": 30, ""preemption_wait_time"": 20.0, ""prob_auto_to_manual"": 0.8, ""rack_size"": 8, ""random_failure_rate"": 6.944444e-06, ""recovery_time"": 20.0, ""relative_accuracy"": 0.05, ""seed"": 52, ""spare_pool_size"": 200, ""systematic_failure_fraction"": 0.15, ""systematic_failure_rate_multiplier"": 5.0, ""warm_standbys"": 16, ""weibull_shape"": 1.0, ""working_pool_size"": 4160}"
0cab8fbdf454051a868a13743d1790b4ca4a1673,30,42,53,11,Random,NeverRemove,1.0,0.0,5.0,9837.533333333327,0.6245468037380654,11060,674,0,10238,0,59.97621951219512,59.49939024390244,1640,44,14,0,0,39.69,"{""adaptive_replications"": true, ""auto_repair_fail_prob"": 0.4, ""auto_repair_time"": 120.0, ""bad_server_regen_interval"": 43200, ""bad_server_regeneration"": false, ""confidence_level"": 0.95, ""diagnosis_probability"": 1.0, ""diagnosis_uncertainty"": 0.0, ""enable_topology"": false, ""failure_distribution"": ""exponential"", ""host_selection_time"": 3.0, ""job_length"": 368640, ""job_size"": 4096, ""lognormal_sigma"": 1.0, ""manual_repair_fail_prob"": 0.2, ""manual_repair_time"": 2880.0, ""max_replications"": 500, ""num_replications"": 30, ""preemption_wait_time"": 20.0, ""prob_auto_to_manual"": 0.8, ""rack_size"": 8, ""random_failure_rate"": 6.944444e-06, ""recovery_time"": 20.0, ""relative_accuracy"": 0.05, ""seed"": 53, ""spare_pool_size"": 200, ""systematic_failure_fraction"": 0.15, ""systematic_failure_rate_multiplier"": 5.0, ""warm_standbys"": 16, ""weibull_shape"": 1.0, ""working_pool_size"": 4160}"
0cab8fbdf454051a868a13743d1790b4ca4a1673,30,42,53,11,Random,NeverRemove,0.8,0.0,5.0,9862.799999999996,0.6229468305146649,11138,843,0,8053,0,73.99087591240875,73.2214111922141,1644,36,13,0,0,39.17,"{""adaptive_replications"": true, ""auto_repair_fail_prob"": 0.4, ""auto_repair_time"": 120.0, ""bad_server_regen_interval"": 43200, ""bad_server_regeneration"": false, ""confidence_level"": 0.95, ""diagnosis_probability"": 0.8, ""diagnosis_uncertainty"": 0.0, ""enable_topology"": false, ""failure_distribution"": ""exponential"", ""host_selection_time"": 3.0, ""job_length"": 368640, ""job_size"": 4096, ""lognormal_sigma"": 1.0, ""manual_repair_fail_prob"": 0.2, ""manual_repair_time"": 2880.0, ""max_replications"": 500, ""num_replications"": 30, ""preemption_wait_time"": 20.0, ""prob_auto_to_manual"": 0.8, ""rack_size"": 8, ""random_failure_rate"": 6.944444e-06, ""recovery_time"": 20.0, ""relative_accuracy"": 0.05, ""seed"": 53, ""spare_pool_size"": 200, ""systematic_failure_fraction"": 0.15, ""systematic_failure_rate_multiplier"": 5.0, ""warm_standbys"": 16, ""weibull_shape"": 1.0, ""working_pool_size"": 4160}"
0cab8fbdf454051a868a13743d1790b4ca4a1673,30,42,54,12,Random,NeverRemove,1.0,0.0,5.0,9873.999999999984,0.6222402268584163,11172,699,0,10344,0,64.12272174969624,63.71020656136088,1646,40,12,0,0,34.07,"{""adaptive_replications"": true, ""auto_repair_fail_prob"": 0.4, ""auto_repair_time"": 120.0, ""bad_server_regen_interval"": 43200, ""bad_server_regeneration"": false, ""confidence_level"": 0.95, ""diagnosis_probability"": 1.0, ""diagnosis_uncertainty"": 0.0, ""enable_topology"": false, ""failure_distribution"": ""exponential"", ""host_selection_time"": 3.0, ""job_length"": 368640, ""job_size"": 4096, ""lognormal_sigma"": 1.0, ""manual_repair_fail_prob"": 0.2, ""manual_repair_time"": 2880.0, ""max_replications"": 500, ""num_replications"": 30, ""preemption_wait_time"": 20.0, ""prob_auto_to_manual"": 0.8, ""rack_size"": 8, ""random_failure_rate"": 6.944444e-06, ""recovery_time"": 20.0, ""relative_accuracy"": 0.05, ""seed"": 54, ""spare_pool_size"": 200, ""systematic_failure_fraction"": 0.15, ""systematic_failure_rate_multiplier"": 5.0, ""warm_standbys"": 16, ""weibull_shape"": 1.0, ""working_pool_size"": 4160}"
0cab8fbdf454051a868a13743d1790b4ca4a1673,30,42,54,12,Random,NeverRemove,0.8,0.0,5.0,9930.666666666717,0.6186895810955972,11354,857,0,8267,0,71.64975845410628,70.8677536231884,1656,40,0,0,0,33.07,"{""adaptive_replications"": true, ""auto_repair_fail_prob"": 0.4, ""auto_repair_time"": 120.0, ""bad_server_regen_interval"": 43200, ""bad_server_regeneration"": false, ""confidence_level"": 0.95, ""diagnosis_probability"": 0.8, ""diagnosis_uncertainty"": 0.0, ""enable_topology"": false, ""failure_distribution"": ""exponential"", ""host_selection_time"": 3.0, ""job_length"": 368640, ""job_size"": 4096, ""lognormal_sigma"": 1.0, ""manual_repair_fail_prob"": 0.2, ""manual_repair_time"": 2880.0, ""max_replications"": 500, ""num_replications"": 30, ""preemption_wait_time"": 20.0, ""prob_auto_to_manual"": 0.8, ""rack_size"": 8, ""random_failure_rate"": 6.944444e-06, ""recovery_time"": 20.0, ""relative_accuracy"": 0.05, ""seed"": 54, ""spare_pool_size"": 200, ""systematic_failure_fraction"": 0.15, ""systematic_failure_rate_multiplier"": 5.0, ""warm_standbys"": 16, ""weibull_shape"": 1.0, ""working_pool_size"": 4160}"
0cab8fbdf454051a868a13743d1790b4ca4a1673,30,42,56,14,Random,NeverRemove,1.0,0.0,5.0,9881.28333333339,0.6217815837011691,11192,681,0,10378,0,62.03764420157863,61.66605950212507,1647,39,14,0,0,25.57,"{""adaptive_replications"": true, ""auto_repair_fail_prob"": 0.4, ""auto_repair_time"": 120.0, ""bad_server_regen_interval"": 43200, ""bad_server_regeneration"": false, ""confidence_level"": 0.95, ""diagnosis_probability"": 1.0, ""diagnosis_uncertainty"": 0.0, ""enable_topology"": false, ""failure_distribution"": ""exponential"", ""host_selection_time"": 3.0, ""job_length"": 368640, ""job_size"": 4096, ""lognormal_sigma"": 1.0, ""manual_repair_fail_prob"": 0.2, ""manual_repair_time"": 2880.0, ""max_replications"": 500, ""num_replications"": 30, ""preemption_wait_time"": 20.0, ""prob_auto_to_manual"": 0.8, ""rack_size"": 8, ""random_failure_rate"": 6.944444e-06, ""recovery_time"": 20.0, ""relative_accuracy"": 0.05, ""seed"": 56, ""spare_pool_size"": 200, ""systematic_failure_fraction"": 0.15, ""systematic_failure_rate_multiplier"": 5.0, ""warm_standbys"": 16, ""weibull_shape"": 1.0, ""working_pool_size"": 4160}"
0cab8fbdf454051a868a13743d1790b4ca4a1673,30,42,55,13,Random,NeverRemove,1.0,0.0,5.0,9910.616666666663,0.619941241463279,11283,703,0,10445,0,59.57142857142857,59.17433414043583,1652,39,11,0,0,41.28,"{""adaptive_replications"": true, ""auto_repair_fail_prob"": 0.4, ""auto_repair_time"": 120.0, ""bad_server_regen_interval"": 43200, ""bad_server_regeneration"": false, ""confidence_level"": 0.95, ""diagnosis_probability"": 1.0, ""diagnosis_uncertainty"": 0.0, ""enable_topology"": false, ""failure_distribution"": ""exponential"", ""host_selection_time"": 3.0, ""job_length"": 368640, ""job_size"": 4096, ""lognormal_sigma"": 1.0, ""manual_repair_fail_prob"": 0.2, ""manual_repair_time"": 2880.0, ""max_replications"": 500, ""num_replications"": 30, ""preemption_wait_time"": 20.0, ""prob_auto_to_manual"": 0.8, ""rack_size"": 8, ""random_failure_rate"": 6.944444e-06, ""recovery_time"": 20.0, ""relative_accuracy"": 0.05, ""seed"": 55, ""spare_pool_size"": 200, ""systematic_failure_fraction"": 0.15, ""systematic_failure_rate_multiplier"": 5.0, ""warm_standbys"": 16, ""weibull_shape"": 1.0, ""working_pool_size"": 4160}"
0cab8fbdf454051a868a13743d1790b4ca4a1673,30,42,55,13,Random,NeverRemove,0.8,0.0,5.0,9967.999999999996,0.6163723916532905,11466,868,0,8320,0,76.5595667870036,75.86823104693141,1662,40,0,0,0,41.64,"{""adaptive_replications"": true, ""auto_repair_fail_prob"": 0.4, ""auto_repair_time"": 120.0, ""bad_server_regen_interval"": 43200, ""bad_server_regeneration"": false, ""confidence_level"": 0.95, ""diagnosis_probability"": 0.8, ""diagnosis_uncertainty"": 0.0, ""enable_topology"": false, ""failure_distribution"": ""exponential"", ""host_selection_time"": 3.0, ""job_length"": 368640, ""job_size"": 4096, ""lognormal_sigma"": 1.0, ""manual_repair_fail_prob"": 0.2, ""manual_repair_time"": 2880.0, ""max_replications"": 500, ""num_replications"": 30, ""preemption_wait_time"": 20.0, ""prob_auto_to_manual"": 0.8, ""rack_size"": 8, ""random_failure_rate"": 6.944444e-06, ""recovery_time"": 20.0, ""relative_accuracy"": 0.05, ""seed"": 55, ""spare_pool_size"": 200, ""systematic_failure_fraction"": 0.15, ""systematic_failure_rate_multiplier"": 5.0, ""warm_standbys"": 16, ""weibull_shape"": 1.0, ""working_pool_size"": 4160}"
0cab8fbdf454051a868a13743d1790b4ca4a1673,30,42,56,14,Random,NeverRemove,0.8,0.0,5.0,9883.466666666645,0.6216442273965946,11213,886,0,8107,0,78.12742718446601,77.41383495145631,1648,36,0,0,0,35.58,"{""adaptive_replications"": true, ""auto_repair_fail_prob"": 0.4, ""auto_repair_time"": 120.0, ""bad_server_regen_interval"": 43200, ""bad_server_regeneration"": false, ""confidence_level"": 0.95, ""diagnosis_probability"": 0.8, ""diagnosis_uncertainty"": 0.0, ""enable_topology"": false, ""failure_distribution"": ""exponential"", ""host_selection_time"": 3.0, ""job_length"": 368640, ""job_size"": 4096, ""lognormal_sigma"": 1.0, ""manual_repair_fail_prob"": 0.2, ""manual_repair_time"": 2880.0, ""max_replications"": 500, ""num_replications"": 30, ""preemption_wait_time"": 20.0, ""prob_auto_to_manual"": 0.8, ""rack_size"": 8, ""random_failure_rate"": 6.944444e-06, ""recovery_time"": 20.0, ""relative_accuracy"": 0.05, ""seed"": 56, ""spare_pool_size"": 200, ""systematic_failure_fraction"": 0.15, ""systematic_failure_rate_multiplier"": 5.0, ""warm_standbys"": 16, ""weibull_shape"": 1.0, ""working_pool_size"": 4160}"
0cab8fbdf454051a868a13743d1790b4ca4a1673,30,42,57,15,Random,NeverRemove,1.0,0.0,5.0,9955.066666666686,0.6171731647536256,11415,668,0,10600,0,61.16144578313253,60.73313253012048,1660,48,11,0,0,33.97,"{""adaptive_replications"": true, ""auto_repair_fail_prob"": 0.4, ""auto_repair_time"": 120.0, ""bad_server_regen_interval"": 43200, ""bad_server_regeneration"": false, ""confidence_level"": 0.95, ""diagnosis_probability"": 1.0, ""diagnosis_uncertainty"": 0.0, ""enable_topology"": false, ""failure_distribution"": ""exponential"", ""host_selection_time"": 3.0, ""job_length"": 368640, ""job_size"": 4096, ""lognormal_sigma"": 1.0, ""manual_repair_fail_prob"": 0.2, ""manual_repair_time"": 2880.0, ""max_replications"": 500, ""num_replications"": 30, ""preemption_wait_time"": 20.0, ""prob_auto_to_manual"": 0.8, ""rack_size"": 8, ""random_failure_rate"": 6.944444e-06, ""recovery_time"": 20.0, ""relative_accuracy"": 0.05, ""seed"": 57, ""spare_pool_size"": 200, ""systematic_failure_fraction"": 0.15, ""systematic_failure_rate_multiplier"": 5.0, ""warm_standbys"": 16, ""weibull_shape"": 1.0, ""working_pool_size"": 4160}"
0cab8fbdf454051a868a13743d1790b4ca4a1673,30,42,57,15,Random,NeverRemove,0.8,0.0,5.0,10013.13333333335,0.6135941463544561,11602,877,0,8471,0,76.98921509886159,76.2186938286399,1669,36,0,0,0,41.32,"{""adaptive_replications"": true, ""auto_repair_fail_prob"": 0.4, ""auto_repair_time"": 120.0, ""bad_server_regen_interval"": 43200, ""bad_server_regeneration"": false, ""confidence_level"": 0.95, ""diagnosis_probability"": 0.8, ""diagnosis_uncertainty"": 0.0, ""enable_topology"": false, ""failure_distribution"": ""exponential"", ""host_selection_time"": 3.0, ""job_length"": 368640, ""job_size"": 4096, ""lognormal_sigma"": 1.0, ""manual_repair_fail_prob"": 0.2, ""manual_repair_time"": 2880.0, ""max_replications"": 500, ""num_replications"": 30, ""preemption_wait_time"": 20.0, ""prob_auto_to_manual"": 0.8, ""rack_size"": 8, ""random_failure_rate"": 6.944444e-06, ""recovery_time"": 20.0, ""relative_accuracy"": 0.05, ""seed"": 57, ""spare_pool_size"": 200, ""systematic_failure_fraction"": 0.15, ""systematic_failure_rate_multiplier"": 5.0, ""warm_standbys"": 16, ""weibull_shape"": 1.0, ""working_pool_size"": 4160}"
0cab8fbdf454051a868a13743d1790b4ca4a1673,30,42,58,16,Random,NeverRemove,1.0,0.0,5.0,9870.866666666716,0.6224377460945674,11160,711,0,10327,0,67.15370595382745,66.63973268529769,1646,44,14,0,0,40.84,"{""adaptive_replications"": true, ""auto_repair_fail_prob"": 0.4, ""auto_repair_time"": 120.0, ""bad_server_regen_interval"": 43200, ""bad_server_regeneration"": false, ""confidence_level"": 0.95, ""diagnosis_probability"": 1.0, ""diagnosis_uncertainty"": 0.0, ""enable_topology"": false, ""failure_distribution"": ""exponential"", ""host_selection_time"": 3.0, ""job_length"": 368640, ""job_size"": 4096, ""lognormal_sigma"": 1.0, ""manual_repair_fail_prob"": 0.2, ""manual_repair_time"": 2880.0, ""max_replications"": 500, ""num_replications"": 30, ""preemption_wait_time"": 20.0, ""prob_auto_to_manual"": 0.8, ""rack_size"": 8, ""random_failure_rate"": 6.944444e-06, ""recovery_time"": 20.0, ""relative_accuracy"": 0.05, ""seed"": 58, ""spare_pool_size"": 200, ""systematic_failure_fraction"": 0.15, ""systematic_failure_rate_multiplier"": 5.0, ""warm_standbys"": 16, ""weibull_shape"": 1.0, ""working_pool_size"": 4160}"
0cab8fbdf454051a868a13743d1790b4ca4a1673,30,42,58,16,Random,NeverRemove,0.8,0.0,5.0,9916.616666666696,0.6195661490730167,11312,864,0,8235,0,73.20024198427102,72.5372050816697,1653,39,0,0,0,41.56,"{""adaptive_replications"": true, ""auto_repair_fail_prob"": 0.4, ""auto_repair_time"": 120.0, ""bad_server_regen_interval"": 43200, ""bad_server_regeneration"": false, ""confidence_level"": 0.95, ""diagnosis_probability"": 0.8, ""diagnosis_uncertainty"": 0.0, ""enable_topology"": false, ""failure_distribution"": ""exponential"", ""host_selection_time"": 3.0, ""job_length"": 368640, ""job_size"": 4096, ""lognormal_sigma"": 1.0, ""manual_repair_fail_prob"": 0.2, ""manual_repair_time"": 2880.0, ""max_replications"": 500, ""num_replications"": 30, ""preemption_wait_time"": 20.0, ""prob_auto_to_manual"": 0.8, ""rack_size"": 8, ""random_failure_rate"": 6.944444e-06, ""recovery_time"": 20.0, ""relative_accuracy"": 0.05, ""seed"": 58, ""spare_pool_size"": 200, ""systematic_failure_fraction"": 0.15, ""systematic_failure_rate_multiplier"": 5.0, ""warm_standbys"": 16, ""weibull_shape"": 1.0, ""working_pool_size"": 4160}"
0cab8fbdf454051a868a13743d1790b4ca4a1673,30,42,59,17,Random,NeverRemove,1.0,0.0,5.0,9838.86666666665,0.6244621670517632,11067,696,0,10238,0,59.49451219512195,59.11219512195122,1640,44,11,0,0,43.36,"{""adaptive_replications"": true, ""auto_repair_fail_prob"": 0.4, ""auto_repair_time"": 120.0, ""bad_server_regen_interval"": 43200, ""bad_server_regeneration"": false, ""confidence_level"": 0.95, ""diagnosis_probability"": 1.0, ""diagnosis_uncertainty"": 0.0, ""enable_topology"": false, ""failure_distribution"": ""exponential"", ""host_selection_time"": 3.0, ""job_length"": 368640, ""job_size"": 4096, ""lognormal_sigma"": 1.0, ""manual_repair_fail_prob"": 0.2, ""manual_repair_time"": 2880.0, ""max_replications"": 500, ""num_replications"": 30, ""preemption_wait_time"": 20.0, ""prob_auto_to_manual"": 0.8, ""rack_size"": 8, ""random_failure_rate"": 6.944444e-06, ""recovery_time"": 20.0, ""relative_accuracy"": 0.05, ""seed"": 59, ""spare_pool_size"": 200, ""systematic_failure_fraction"": 0.15, ""systematic_failure_rate_multiplier"": 5.0, ""warm_standbys"": 16, ""weibull_shape"": 1.0, ""working_pool_size"": 4160}"
0cab8fbdf454051a868a13743d1790b4ca4a1673,30,42,59,17,Random,NeverRemove,0.8,0.0,5.0,9927.133333333399,0.6189097893315937,11331,878,0,8228,0,75.09728096676737,74.05558912386707,1655,36,13,0,0,42.7,"{""adaptive_replications"": true, ""auto_repair_fail_prob"": 0.4, ""auto_repair_time"": 120.0, ""bad_server_regen_interval"": 43200, ""bad_server_regeneration"": false, ""confidence_level"": 0.95, ""diagnosis_probability"": 0.8, ""diagnosis_uncertainty"": 0.0, ""enable_topology"": false, ""failure_distribution"": ""exponential"", ""host_selection_time"": 3.0, ""job_length"": 368640, ""job_size"": 4096, ""lognormal_sigma"": 1.0, ""manual_repair_fail_prob"": 0.2, ""manual_repair_time"": 2880.0, ""max_replications"": 500, ""num_replications"": 30, ""preemption_wait_time"": 20.0, ""prob_auto_to_manual"": 0.8, ""rack_size"": 8, ""random_failure_rate"": 6.944444e-06, ""recovery_time"": 20.0, ""relative_accuracy"": 0.05, ""seed"": 59, ""spare_pool_size"": 200, ""systematic_failure_fraction"": 0.15, ""systematic_failure_rate_multiplier"": 5.0, ""warm_standbys"": 16, ""weibull_shape"": 1.0, ""working_pool_size"": 4160}"
0cab8fbdf454051a868a13743d1790b4ca4a1673,30,42,60,18,Random,NeverRemove,1.0,0.0,5.0,9902.433333333307,0.6204535585529479,11256,680,0,10446,0,59.43488794669897,58.80678376741369,1651,42,13,0,0,43.57,"{""adaptive_replications"": true, ""auto_repair_fail_prob"": 0.4, ""auto_repair_time"": 120.0, ""bad_server_regen_interval"": 43200, ""bad_server_regeneration"": false, ""confidence_level"": 0.95, ""diagnosis_probability"": 1.0, ""diagnosis_uncertainty"": 0.0, ""enable_topology"": false, ""failure_distribution"": ""exponential"", ""host_selection_time"": 3.0, ""job_length"": 368640, ""job_size"": 4096, ""lognormal_sigma"": 1.0, ""manual_repair_fail_prob"": 0.2, ""manual_repair_time"": 2880.0, ""max_replications"": 500, ""num_replications"": 30, ""preemption_wait_time"": 20.0, ""prob_auto_to_manual"": 0.8, ""rack_size"": 8, ""random_failure_rate"": 6.944444e-06, ""recovery_time"": 20.0, ""relative_accuracy"": 0.05, ""seed"": 60, ""spare_pool_size"": 200, ""systematic_failure_fraction"": 0.15, ""systematic_failure_rate_multiplier"": 5.0, ""warm_standbys"": 16, ""weibull_shape"": 1.0, ""working_pool_size"": 4160}"
0cab8fbdf454051a868a13743d1790b4ca4a1673,30,42,60,18,Random,NeverRemove,0.8,0.0,5.0,9927.799999999968,0.618868228610571,11346,872,0,8183,0,74.46042296072507,73.7534743202417,1655,36,0,0,0,43.03,"{""adaptive_replications"": true, ""auto_repair_fail_prob"": 0.4, ""auto_repair_time"": 120.0, ""bad_server_regen_interval"": 43200, ""bad_server_regeneration"": false, ""confidence_level"": 0.95, ""diagnosis_probability"": 0.8, ""diagnosis_uncertainty"": 0.0, ""enable_topology"": false, ""failure_distribution"": ""exponential"", ""host_selection_time"": 3.0, ""job_length"": 368640, ""job_size"": 4096, ""lognormal_sigma"": 1.0, ""manual_repair_fail_prob"": 0.2, ""manual_repair_time"": 2880.0, ""max_replications"": 500, ""num_replications"": 30, ""preemption_wait_time"": 20.0, ""prob_auto_to_manual"": 0.8, ""rack_size"": 8, ""random_failure_rate"": 6.944444e-06, ""recovery_time"": 20.0, ""relative_accuracy"": 0.05, ""seed"": 60, ""spare_pool_size"": 200, ""systematic_failure_fraction"": 0.15, ""systematic_failure_rate_multiplier"": 5.0, ""warm_standbys"": 16, ""weibull_shape"": 1.0, ""working_pool_size"": 4160}"
0cab8fbdf454051a868a13743d1790b4ca4a1673,30,42,61,19,Random,NeverRemove,1.0,0.0,5.0,9892.866666666685,0.6210535537390562,11229,735,0,10380,0,60.72589448150394,60.31898120072771,1649,44,11,0,0,39.81,"{""adaptive_replications"": true, ""auto_repair_fail_prob"": 0.4, ""auto_repair_time"": 120.0, ""bad_server_regen_interval"": 43200, ""bad_server_regeneration"": false, ""confidence_level"": 0.95, ""diagnosis_probability"": 1.0, ""diagnosis_uncertainty"": 0.0, ""enable_topology"": false, ""failure_distribution"": ""exponential"", ""host_selection_time"": 3.0, ""job_length"": 368640, ""job_size"": 4096, ""lognormal_sigma"": 1.0, ""manual_repair_fail_prob"": 0.2, ""manual_repair_time"": 2880.0, ""max_replications"": 500, ""num_replications"": 30, ""preemption_wait_time"": 20.0, ""prob_auto_to_manual"": 0.8, ""rack_size"": 8, ""random_failure_rate"": 6.944444e-06, ""recovery_time"": 20.0, ""relative_accuracy"": 0.05, ""seed"": 61, ""spare_pool_size"": 200, ""systematic_failure_fraction"": 0.15, ""systematic_failure_rate_multiplier"": 5.0, ""warm_standbys"": 16, ""weibull_shape"": 1.0, ""working_pool_size"": 4160}"
0cab8fbdf454051a868a13743d1790b4ca4a1673,30,42,61,19,Random,NeverRemove,0.8,0.0,5.0,9971.983333333259,0.6161261801814769,11468,892,0,8306,0,79.92178098676294,78.89350180505416,1662,33,11,0,0,40.68,"{""adaptive_replications"": true, ""auto_repair_fail_prob"": 0.4, ""auto_repair_time"": 120.0, ""bad_server_regen_interval"": 43200, ""bad_server_regeneration"": false, ""confidence_level"": 0.95, ""diagnosis_probability"": 0.8, ""diagnosis_uncertainty"": 0.0, ""enable_topology"": false, ""failure_distribution"": ""exponential"", ""host_selection_time"": 3.0, ""job_length"": 368640, ""job_size"": 4096, ""lognormal_sigma"": 1.0, ""manual_repair_fail_prob"": 0.2, ""manual_repair_time"": 2880.0, ""max_replications"": 500, ""num_replications"": 30, ""preemption_wait_time"": 20.0, ""prob_auto_to_manual"": 0.8, ""rack_size"": 8, ""random_failure_rate"": 6.944444e-06, ""recovery_time"": 20.0, ""relative_accuracy"": 0.05, ""seed"": 61, ""spare_pool_size"": 200, ""systematic_failure_fraction"": 0.15, ""systematic_failure_rate_multiplier"": 5.0, ""warm_standbys"": 16, ""weibull_shape"": 1.0, ""working_pool_size"": 4160}"
0cab8fbdf454051a868a13743d1790b4ca4a1673,30,42,62,20,Random,NeverRemove,0.8,0.0,5.0,9940.849999999975,0.6180558000573362,11385,840,0,8356,0,74.53952926976463,73.96741098370549,1657,37,0,0,0,35.88,"{""adaptive_replications"": true, ""auto_repair_fail_prob"": 0.4, ""auto_repair_time"": 120.0, ""bad_server_regen_interval"": 43200, ""bad_server_regeneration"": false, ""confidence_level"": 0.95, ""diagnosis_probability"": 0.8, ""diagnosis_uncertainty"": 0.0, ""enable_topology"": false, ""failure_distribution"": ""exponential"", ""host_selection_time"": 3.0, ""job_length"": 368640, ""job_size"": 4096, ""lognormal_sigma"": 1.0, ""manual_repair_fail_prob"": 0.2, ""manual_repair_time"": 2880.0, ""max_replications"": 500, ""num_replications"": 30, ""preemption_wait_time"": 20.0, ""prob_auto_to_manual"": 0.8, ""rack_size"": 8, ""random_failure_rate"": 6.944444e-06, ""recovery_time"": 20.0, ""relative_accuracy"": 0.05, ""seed"": 62, ""spare_pool_size"": 200, ""systematic_failure_fraction"": 0.15, ""systematic_failure_rate_multiplier"": 5.0, ""warm_standbys"": 16, ""weibull_shape"": 1.0, ""working_pool_size"": 4160}"
0cab8fbdf454051a868a13743d1790b4ca4a1673,30,42,62,20,Random,NeverRemove,1.0,0.0,5.0,9813.716666666676,0.626062500955296,10991,691,0,10167,0,60.69804400977995,60.21149144254279,1636,41,12,0,0,40.62,"{""adaptive_replications"": true, ""auto_repair_fail_prob"": 0.4, ""auto_repair_time"": 120.0, ""bad_server_regen_interval"": 43200, ""bad_server_regeneration"": false, ""confidence_level"": 0.95, ""diagnosis_probability"": 1.0, ""diagnosis_uncertainty"": 0.0, ""enable_topology"": false, ""failure_distribution"": ""exponential"", ""host_selection_time"": 3.0, ""job_length"": 368640, ""job_size"": 4096, ""lognormal_sigma"": 1.0, ""manual_repair_fail_prob"": 0.2, ""manual_repair_time"": 2880.0, ""max_replications"": 500, ""num_replications"": 30, ""preemption_wait_time"": 20.0, ""prob_auto_to_manual"": 0.8, ""rack_size"": 8, ""random_failure_rate"": 6.944444e-06, ""recovery_time"": 20.0, ""relative_accuracy"": 0.05, ""seed"": 62, ""spare_pool_size"": 200, ""systematic_failure_fraction"": 0.15, ""systematic_failure_rate_multiplier"": 5.0, ""warm_standbys"": 16, ""weibull_shape"": 1.0, ""working_pool_size"": 4160}"
0cab8fbdf454051a868a13743d1790b4ca4a1673,30,42,63,21,Random,NeverRemove,1.0,0.0,5.0,9859.266666666605,0.6231700802629033,11141,676,0,10328,0,61.6338199513382,61.46411192214112,1644,32,0,0,0,41.09,"{""adaptive_replications"": true, ""auto_repair_fail_prob"": 0.4, ""auto_repair_time"": 120.0, ""bad_server_regen_interval"": 43200, ""bad_server_regeneration"": false, ""confidence_level"": 0.95, ""diagnosis_probability"": 1.0, ""diagnosis_uncertainty"": 0.0, ""enable_topology"": false, ""failure_distribution"": ""exponential"", ""host_selection_time"": 3.0, ""job_length"": 368640, ""job_size"": 4096, ""lognormal_sigma"": 1.0, ""manual_repair_fail_prob"": 0.2, ""manual_repair_time"": 2880.0, ""max_replications"": 500, ""num_replications"": 30, ""preemption_wait_time"": 20.0, ""prob_auto_to_manual"": 0.8, ""rack_size"": 8, ""random_failure_rate"": 6.944444e-06, ""recovery_time"": 20.0, ""relative_accuracy"": 0.05, ""seed"": 63, ""spare_pool_size"": 200, ""systematic_failure_fraction"": 0.15, ""systematic_failure_rate_multiplier"": 5.0, ""warm_standbys"": 16, ""weibull_shape"": 1.0, ""working_pool_size"": 4160}"
0cab8fbdf454051a868a13743d1790b4ca4a1673,30,42,64,22,Random,NeverRemove,0.8,0.0,5.0,9908.316666666658,0.6200851473257318,11288,860,0,8154,0,80.87530266343826,80.0998789346247,1652,33,0,0,0,34.91,"{""adaptive_replications"": true, ""auto_repair_fail_prob"": 0.4, ""auto_repair_time"": 120.0, ""bad_server_regen_interval"": 43200, ""bad_server_regeneration"": false, ""confidence_level"": 0.95, ""diagnosis_probability"": 0.8, ""diagnosis_uncertainty"": 0.0, ""enable_topology"": false, ""failure_distribution"": ""exponential"", ""host_selection_time"": 3.0, ""job_length"": 368640, ""job_size"": 4096, ""lognormal_sigma"": 1.0, ""manual_repair_fail_prob"": 0.2, ""manual_repair_time"": 2880.0, ""max_replications"": 500, ""num_replications"": 30, ""preemption_wait_time"": 20.0, ""prob_auto_to_manual"": 0.8, ""rack_size"": 8, ""random_failure_rate"": 6.944444e-06, ""recovery_time"": 20.0, ""relative_accuracy"": 0.05, ""seed"": 64, ""spare_pool_size"": 200, ""systematic_failure_fraction"": 0.15, ""systematic_failure_rate_multiplier"": 5.0, ""warm_standbys"": 16, ""weibull_shape"": 1.0, ""working_pool_size"": 4160}"
0cab8fbdf454051a868a13743d1790b4ca4a1673,30,42,63,21,Random,NeverRemove,0.8,0.0,5.0,9942.71666666665,0.6179397649535778,11390,849,0,8250,0,76.94571773220748,76.4583835946924,1658,41,0,0,0,40.49,"{""adaptive_replications"": true, ""auto_repair_fail_prob"": 0.4, ""auto_repair_time"": 120.0, ""bad_server_regen_interval"": 43200, ""bad_server_regeneration"": false, ""confidence_level"": 0.95, ""diagnosis_probability"": 0.8, ""diagnosis_uncertainty"": 0.0, ""enable_topology"": false, ""failure_distribution"": ""exponential"", ""host_selection_time"": 3.0, ""job_length"": 368640, ""job_size"": 4096, ""lognormal_sigma"": 1.0, ""manual_repair_fail_prob"": 0.2, ""manual_repair_time"": 2880.0, ""max_replications"": 500, ""num_replications"": 30, ""preemption_wait_time"": 20.0, ""prob_auto_to_manual"": 0.8, ""rack_size"": 8, ""random_failure_rate"": 6.944444e-06, ""recovery_time"": 20.0, ""relative_accuracy"": 0.05, ""seed"": 63, ""spare_pool_size"": 200, ""systematic_failure_fraction"": 0.15, ""systematic_failure_rate_multiplier"": 5.0, ""warm_standbys"": 16, ""weibull_shape"": 1.0, ""working_pool_size"": 4160}"
0cab8fbdf454051a868a13743d1790b4ca4a1673,30,42,64,22,Random,NeverRemove,1.0,0.0,5.0,9888.366666666665,0.621336182922022,11216,659,0,10435,0,56.08247422680412,55.8289872650091,1649,34,12,0,0,40.56,"{""adaptive_replications"": true, ""auto_repair_fail_prob"": 0.4, ""auto_repair_time"": 120.0, ""bad_server_regen_interval"": 43200, ""bad_server_regeneration"": false, ""confidence_level"": 0.95, ""diagnosis_probability"": 1.0, ""diagnosis_uncertainty"": 0.0, ""enable_topology"": false, ""failure_distribution"": ""exponential"", ""host_selection_time"": 3.0, ""job_length"": 368640, ""job_size"": 4096, ""lognormal_sigma"": 1.0, ""manual_repair_fail_prob"": 0.2, ""manual_repair_time"": 2880.0, ""max_replications"": 500, ""num_replications"": 30, ""preemption_wait_time"": 20.0, ""prob_auto_to_manual"": 0.8, ""rack_size"": 8, ""random_failure_rate"": 6.944444e-06, ""recovery_time"": 20.0, ""relative_accuracy"": 0.05, ""seed"": 64, ""spare_pool_size"": 200, ""systematic_failure_fraction"": 0.15, ""systematic_failure_rate_multiplier"": 5.0, ""warm_standbys"": 16, ""weibull_shape"": 1.0, ""working_pool_size"": 4160}"
0cab8fbdf454051a868a13743d1790b4ca4a1673,30,42,65,23,Random,NeverRemove,1.0,0.0,5.0,9871.099999999955,0.6224230328940058,11163,679,0,10353,0,59.858444714459296,59.35540704738761,1646,42,12,0,0,40.38,"{""adaptive_replications"": true, ""auto_repair_fail_prob"": 0.4, ""auto_repair_time"": 120.0, ""bad_server_regen_interval"": 43200, ""bad_server_regeneration"": false, ""confidence_level"": 0.95, ""diagnosis_probability"": 1.0, ""diagnosis_uncertainty"": 0.0, ""enable_topology"": false, ""failure_distribution"": ""exponential"", ""host_selection_time"": 3.0, ""job_length"": 368640, ""job_size"": 4096, ""lognormal_sigma"": 1.0, ""manual_repair_fail_prob"": 0.2, ""manual_repair_time"": 2880.0, ""max_replications"": 500, ""num_replications"": 30, ""preemption_wait_time"": 20.0, ""prob_auto_to_manual"": 0.8, ""rack_size"": 8, ""random_failure_rate"": 6.944444e-06, ""recovery_time"": 20.0, ""relative_accuracy"": 0.05, ""seed"": 65, ""spare_pool_size"": 200, ""systematic_failure_fraction"": 0.15, ""systematic_failure_rate_multiplier"": 5.0, ""warm_standbys"": 16, ""weibull_shape"": 1.0, ""working_pool_size"": 4160}"
0cab8fbdf454051a868a13743d1790b4ca4a1673,30,42,66,24,Random,NeverRemove,1.0,0.0,5.0,9862.900000000041,0.6229405144531518,11138,717,0,10294,0,59.454987834549875,59.02068126520681,1644,38,13,0,0,37.28,"{""adaptive_replications"": true, ""auto_repair_fail_prob"": 0.4, ""auto_repair_time"": 120.0, ""bad_server_regen_interval"": 43200, ""bad_server_regeneration"": false, ""confidence_level"": 0.95, ""diagnosis_probability"": 1.0, ""diagnosis_uncertainty"": 0.0, ""enable_topology"": false, ""failure_distribution"": ""exponential"", ""host_selection_time"": 3.0, ""job_length"": 368640, ""job_size"": 4096, ""lognormal_sigma"": 1.0, ""manual_repair_fail_prob"": 0.2, ""manual_repair_time"": 2880.0, ""max_replications"": 500, ""num_replications"": 30, ""preemption_wait_time"": 20.0, ""prob_auto_to_manual"": 0.8, ""rack_size"": 8, ""random_failure_rate"": 6.944444e-06, ""recovery_time"": 20.0, ""relative_accuracy"": 0.05, ""seed"": 66, ""spare_pool_size"": 200, ""systematic_failure_fraction"": 0.15, ""systematic_failure_rate_multiplier"": 5.0, ""warm_standbys"": 16, ""weibull_shape"": 1.0, ""working_pool_size"": 4160}"
0cab8fbdf454051a868a13743d1790b4ca4a1673,30,42,65,23,Random,NeverRemove,0.8,0.0,5.0,9898.133333333348,0.6207230993049156,11257,842,0,8168,0,76.46787878787879,75.91878787878788,1650,36,0,0,0,40.47,"{""adaptive_replications"": true, ""auto_repair_fail_prob"": 0.4, ""auto_repair_time"": 120.0, ""bad_server_regen_interval"": 43200, ""bad_server_regeneration"": false, ""confidence_level"": 0.95, ""diagnosis_probability"": 0.8, ""diagnosis_uncertainty"": 0.0, ""enable_topology"": false, ""failure_distribution"": ""exponential"", ""host_selection_time"": 3.0, ""job_length"": 368640, ""job_size"": 4096, ""lognormal_sigma"": 1.0, ""manual_repair_fail_prob"": 0.2, ""manual_repair_time"": 2880.0, ""max_replications"": 500, ""num_replications"": 30, ""preemption_wait_time"": 20.0, ""prob_auto_to_manual"": 0.8, ""rack_size"": 8, ""random_failure_rate"": 6.944444e-06, ""recovery_time"": 20.0, ""relative_accuracy"": 0.05, ""seed"": 65, ""spare_pool_size"": 200, ""systematic_failure_fraction"": 0.15, ""systematic_failure_rate_multiplier"": 5.0, ""warm_standbys"": 16, ""weibull_shape"": 1.0, ""working_pool_size"": 4160}"
0cab8fbdf454051a868a13743d1790b4ca4a1673,30,42,66,24,Random,NeverRemove,0.8,0.0,5.0,9936.41666666667,0.6183315581572854,11372,868,0,8267,0,72.6161738080869,71.8207604103802,1657,35,0,0,0,37.56,"{""adaptive_replications"": true, ""auto_repair_fail_prob"": 0.4, ""auto_repair_time"": 120.0, ""bad_server_regen_interval"": 43200, ""bad_server_regeneration"": false, ""confidence_level"": 0.95, ""diagnosis_probability"": 0.8, ""diagnosis_uncertainty"": 0.0, ""enable_topology"": false, ""failure_distribution"": ""exponential"", ""host_selection_time"": 3.0, ""job_length"": 368640, ""job_size"": 4096, ""lognormal_sigma"": 1.0, ""manual_repair_fail_prob"": 0.2, ""manual_repair_time"": 2880.0, ""max_replications"": 500, ""num_replications"": 30, ""preemption_wait_time"": 20.0, ""prob_auto_to_manual"": 0.8, ""rack_size"": 8, ""random_failure_rate"": 6.944444e-06, ""recovery_time"": 20.0, ""relative_accuracy"": 0.05, ""seed"": 66, ""spare_pool_size"": 200, ""systematic_failure_fraction"": 0.15, ""systematic_failure_rate_multiplier"": 5.0, ""warm_standbys"": 16, ""weibull_shape"": 1.0, ""working_pool_size"": 4160}"
0cab8fbdf454051a868a13743d1790b4ca4a1673,30,42,67,25,Random,NeverRemove,1.0,0.0,5.0,9869.383333333373,0.6225312962816011,11159,657,0,10359,0,58.79331306990881,58.427963525835864,1645,41,11,0,0,37.96,"{""adaptive_replications"": true, ""auto_repair_fail_prob"": 0.4, ""auto_repair_time"": 120.0, ""bad_server_regen_interval"": 43200, ""bad_server_regeneration"": false, ""confidence_level"": 0.95, ""diagnosis_probability"": 1.0, ""diagnosis_uncertainty"": 0.0, ""enable_topology"": false, ""failure_distribution"": ""exponential"", ""host_selection_time"": 3.0, ""job_length"": 368640, ""job_size"": 4096, ""lognormal_sigma"": 1.0, ""manual_repair_fail_prob"": 0.2, ""manual_repair_time"": 2880.0, ""max_replications"": 500, ""num_replications"": 30, ""preemption_wait_time"": 20.0, ""prob_auto_to_manual"": 0.8, ""rack_size"": 8, ""random_failure_rate"": 6.944444e-06, ""recovery_time"": 20.0, ""relative_accuracy"": 0.05, ""seed"": 67, ""spare_pool_size"": 200, ""systematic_failure_fraction"": 0.15, ""systematic_failure_rate_multiplier"": 5.0, ""warm_standbys"": 16, ""weibull_shape"": 1.0, ""working_pool_size"": 4160}"
0cab8fbdf454051a868a13743d1790b4ca4a1673,30,42,67,25,Random,NeverRemove,0.8,0.0,5.0,10019.416666666633,0.613209351841839,11621,850,0,8497,0,72.67005988023952,72.05868263473054,1670,35,0,0,0,39.14,"{""adaptive_replications"": true, ""auto_repair_fail_prob"": 0.4, ""auto_repair_time"": 120.0, ""bad_server_regen_interval"": 43200, ""bad_server_regeneration"": false, ""confidence_level"": 0.95, ""diagnosis_probability"": 0.8, ""diagnosis_uncertainty"": 0.0, ""enable_topology"": false, ""failure_distribution"": ""exponential"", ""host_selection_time"": 3.0, ""job_length"": 368640, ""job_size"": 4096, ""lognormal_sigma"": 1.0, ""manual_repair_fail_prob"": 0.2, ""manual_repair_time"": 2880.0, ""max_replications"": 500, ""num_replications"": 30, ""preemption_wait_time"": 20.0, ""prob_auto_to_manual"": 0.8, ""rack_size"": 8, ""random_failure_rate"": 6.944444e-06, ""recovery_time"": 20.0, ""relative_accuracy"": 0.05, ""seed"": 67, ""spare_pool_size"": 200, ""systematic_failure_fraction"": 0.15, ""systematic_failure_rate_multiplier"": 5.0, ""warm_standbys"": 16, ""weibull_shape"": 1.0, ""working_pool_size"": 4160}"
0cab8fbdf454051a868a13743d1790b4ca4a1673,30,42,68,26,Random,NeverRemove,1.0,0.0,5.0,9910.000000000042,0.6199798183652898,11280,692,0,10439,0,63.00181598062954,62.497578692493946,1652,40,12,0,0,36.36,"{""adaptive_replications"": true, ""auto_repair_fail_prob"": 0.4, ""auto_repair_time"": 120.0, ""bad_server_regen_interval"": 43200, ""bad_server_regeneration"": false, ""confidence_level"": 0.95, ""diagnosis_probability"": 1.0, ""diagnosis_uncertainty"": 0.0, ""enable_topology"": false, ""failure_distribution"": ""exponential"", ""host_selection_time"": 3.0, ""job_length"": 368640, ""job_size"": 4096, ""lognormal_sigma"": 1.0, ""manual_repair_fail_prob"": 0.2, ""manual_repair_time"": 2880.0, ""max_replications"": 500, ""num_replications"": 30, ""preemption_wait_time"": 20.0, ""prob_auto_to_manual"": 0.8, ""rack_size"": 8, ""random_failure_rate"": 6.944444e-06, ""recovery_time"": 20.0, ""relative_accuracy"": 0.05, ""seed"": 68, ""spare_pool_size"": 200, ""systematic_failure_fraction"": 0.15, ""systematic_failure_rate_multiplier"": 5.0, ""warm_standbys"": 16, ""weibull_shape"": 1.0, ""working_pool_size"": 4160}"
0cab8fbdf454051a868a13743d1790b4ca4a1673,30,42,68,26,Random,NeverRemove,0.8,0.0,5.0,9922.983333333368,0.6191686304018114,11332,827,0,8229,0,77.16203143893591,76.65598548972189,1654,33,0,0,0,40.35,"{""adaptive_replications"": true, ""auto_repair_fail_prob"": 0.4, ""auto_repair_time"": 120.0, ""bad_server_regen_interval"": 43200, ""bad_server_regeneration"": false, ""confidence_level"": 0.95, ""diagnosis_probability"": 0.8, ""diagnosis_uncertainty"": 0.0, ""enable_topology"": false, ""failure_distribution"": ""exponential"", ""host_selection_time"": 3.0, ""job_length"": 368640, ""job_size"": 4096, ""lognormal_sigma"": 1.0, ""manual_repair_fail_prob"": 0.2, ""manual_repair_time"": 2880.0, ""max_replications"": 500, ""num_replications"": 30, ""preemption_wait_time"": 20.0, ""prob_auto_to_manual"": 0.8, ""rack_size"": 8, ""random_failure_rate"": 6.944444e-06, ""recovery_time"": 20.0, ""relative_accuracy"": 0.05, ""seed"": 68, ""spare_pool_size"": 200, ""systematic_failure_fraction"": 0.15, ""systematic_failure_rate_multiplier"": 5.0, ""warm_standbys"": 16, ""weibull_shape"": 1.0, ""working_pool_size"": 4160}"
0cab8fbdf454051a868a13743d1790b4ca4a1673,30,42,69,27,Random,NeverRemove,1.0,0.0,5.0,9847.38333333339,0.6239220909784806,11091,656,0,10303,0,56.97807551766139,56.69488428745432,1642,41,13,0,0,36.42,"{""adaptive_replications"": true, ""auto_repair_fail_prob"": 0.4, ""auto_repair_time"": 120.0, ""bad_server_regen_interval"": 43200, ""bad_server_regeneration"": false, ""confidence_level"": 0.95, ""diagnosis_probability"": 1.0, ""diagnosis_uncertainty"": 0.0, ""enable_topology"": false, ""failure_distribution"": ""exponential"", ""host_selection_time"": 3.0, ""job_length"": 368640, ""job_size"": 4096, ""lognormal_sigma"": 1.0, ""manual_repair_fail_prob"": 0.2, ""manual_repair_time"": 2880.0, ""max_replications"": 500, ""num_replications"": 30, ""preemption_wait_time"": 20.0, ""prob_auto_to_manual"": 0.8, ""rack_size"": 8, ""random_failure_rate"": 6.944444e-06, ""recovery_time"": 20.0, ""relative_accuracy"": 0.05, ""seed"": 69, ""spare_pool_size"": 200, ""systematic_failure_fraction"": 0.15, ""systematic_failure_rate_multiplier"": 5.0, ""warm_standbys"": 16, ""weibull_shape"": 1.0, ""working_pool_size"": 4160}"
0cab8fbdf454051a868a13743d1790b4ca4a1673,30,42,69,27,Random,NeverRemove,0.8,0.0,5.0,9942.983333333355,0.6179231920667633,11392,906,0,8218,0,77.0723763570567,76.23160434258142,1658,33,0,0,0,37.57,"{""adaptive_replications"": true, ""auto_repair_fail_prob"": 0.4, ""auto_repair_time"": 120.0, ""bad_server_regen_interval"": 43200, ""bad_server_regeneration"": false, ""confidence_level"": 0.95, ""diagnosis_probability"": 0.8, ""diagnosis_uncertainty"": 0.0, ""enable_topology"": false, ""failure_distribution"": ""exponential"", ""host_selection_time"": 3.0, ""job_length"": 368640, ""job_size"": 4096, ""lognormal_sigma"": 1.0, ""manual_repair_fail_prob"": 0.2, ""manual_repair_time"": 2880.0, ""max_replications"": 500, ""num_replications"": 30, ""preemption_wait_time"": 20.0, ""prob_auto_to_manual"": 0.8, ""rack_size"": 8, ""random_failure_rate"": 6.944444e-06, ""recovery_time"": 20.0, ""relative_accuracy"": 0.05, ""seed"": 69, ""spare_pool_size"": 200, ""systematic_failure_fraction"": 0.15, ""systematic_failure_rate_multiplier"": 5.0, ""warm_standbys"": 16, ""weibull_shape"": 1.0, ""working_pool_size"": 4160}"
0cab8fbdf454051a868a13743d1790b4ca4a1673,30,42,70,28,Random,NeverRemove,1.0,0.0,5.0,9844.183333333318,0.6241249062475126,11082,669,0,10275,0,57.31261425959781,56.96770262035344,1641,37,13,0,0,39.53,"{""adaptive_replications"": true, ""auto_repair_fail_prob"": 0.4, ""auto_repair_time"": 120.0, ""bad_server_regen_interval"": 43200, ""bad_server_regeneration"": false, ""confidence_level"": 0.95, ""diagnosis_probability"": 1.0, ""diagnosis_uncertainty"": 0.0, ""enable_topology"": false, ""failure_distribution"": ""exponential"", ""host_selection_time"": 3.0, ""job_length"": 368640, ""job_size"": 4096, ""lognormal_sigma"": 1.0, ""manual_repair_fail_prob"": 0.2, ""manual_repair_time"": 2880.0, ""max_replications"": 500, ""num_replications"": 30, ""preemption_wait_time"": 20.0, ""prob_auto_to_manual"": 0.8, ""rack_size"": 8, ""random_failure_rate"": 6.944444e-06, ""recovery_time"": 20.0, ""relative_accuracy"": 0.05, ""seed"": 70, ""spare_pool_size"": 200, ""systematic_failure_fraction"": 0.15, ""systematic_failure_rate_multiplier"": 5.0, ""warm_standbys"": 16, ""weibull_shape"": 1.0, ""working_pool_size"": 4160}"
0cab8fbdf454051a868a13743d1790b4ca4a1673,30,42,70,28,Random,NeverRemove,0.8,0.0,5.0,9950.516666666681,0.6174553750140253,11414,845,0,8331,0,76.1500904159132,75.29535864978902,1659,37,0,0,0,35.93,"{""adaptive_replications"": true, ""auto_repair_fail_prob"": 0.4, ""auto_repair_time"": 120.0, ""bad_server_regen_interval"": 43200, ""bad_server_regeneration"": false, ""confidence_level"": 0.95, ""diagnosis_probability"": 0.8, ""diagnosis_uncertainty"": 0.0, ""enable_topology"": false, ""failure_distribution"": ""exponential"", ""host_selection_time"": 3.0, ""job_length"": 368640, ""job_size"": 4096, ""lognormal_sigma"": 1.0, ""manual_repair_fail_prob"": 0.2, ""manual_repair_time"": 2880.0, ""max_replications"": 500, ""num_replications"": 30, ""preemption_wait_time"": 20.0, ""prob_auto_to_manual"": 0.8, ""rack_size"": 8, ""random_failure_rate"": 6.944444e-06, ""recovery_time"": 20.0, ""relative_accuracy"": 0.05, ""seed"": 70, ""spare_pool_size"": 200, ""systematic_failure_fraction"": 0.15, ""systematic_failure_rate_multiplier"": 5.0, ""warm_standbys"": 16, ""weibull_shape"": 1.0, ""working_pool_size"": 4160}"
0cab8fbdf454051a868a13743d1790b4ca4a1673,30,42,71,29,Random,NeverRemove,1.0,0.0,5.0,9843.966666666623,0.6241386432975883,11081,697,0,10259,0,58.46861669713589,58.1048141377209,1641,46,12,0,0,32.09,"{""adaptive_replications"": true, ""auto_repair_fail_prob"": 0.4, ""auto_repair_time"": 120.0, ""bad_server_regen_interval"": 43200, ""bad_server_regeneration"": false, ""confidence_level"": 0.95, ""diagnosis_probability"": 1.0, ""diagnosis_uncertainty"": 0.0, ""enable_topology"": false, ""failure_distribution"": ""exponential"", ""host_selection_time"": 3.0, ""job_length"": 368640, ""job_size"": 4096, ""lognormal_sigma"": 1.0, ""manual_repair_fail_prob"": 0.2, ""manual_repair_time"": 2880.0, ""max_replications"": 500, ""num_replications"": 30, ""preemption_wait_time"": 20.0, ""prob_auto_to_manual"": 0.8, ""rack_size"": 8, ""random_failure_rate"": 6.944444e-06, ""recovery_time"": 20.0, ""relative_accuracy"": 0.05, ""seed"": 71, ""spare_pool_size"": 200, ""systematic_failure_fraction"": 0.15, ""systematic_failure_rate_multiplier"": 5.0, ""warm_standbys"": 16, ""weibull_shape"": 1.0, ""working_pool_size"": 4160}"
0cab8fbdf454051a868a13743d1790b4ca4a1673,30,42,71,29,Random,NeverRemove,0.8,0.0,5.0,9833.983333333357,0.6247722608166586,11065,838,0,8002,0,74.1928004881025,73.47345942647956,1639,33,0,0,0,29.58,"{""adaptive_replications"": true, ""auto_repair_fail_prob"": 0.4, ""auto_repair_time"": 120.0, ""bad_server_regen_interval"": 43200, ""bad_server_regeneration"": false, ""confidence_level"": 0.95, ""diagnosis_probability"": 0.8, ""diagnosis_uncertainty"": 0.0, ""enable_topology"": false, ""failure_distribution"": ""exponential"", ""host_selection_time"": 3.0, ""job_length"": 368640, ""job_size"": 4096, ""lognormal_sigma"": 1.0, ""manual_repair_fail_prob"": 0.2, ""manual_repair_time"": 2880.0, ""max_replications"": 500, ""num_replications"": 30, ""preemption_wait_time"": 20.0, ""prob_auto_to_manual"": 0.8, ""rack_size"": 8, ""random_failure_rate"": 6.944444e-06, ""recovery_time"": 20.0, ""relative_accuracy"": 0.05, ""seed"": 71, ""spare_pool_size"": 200, ""systematic_failure_fraction"": 0.15, ""systematic_failure_rate_multiplier"": 5.0, ""warm_standbys"": 16, ""weibull_shape"": 1.0, ""working_pool_size"": 4160}"
