git_commit,script,label,host_policy,removal_policy,seed,rep,training_time_hrs,etr,total_failures,random_failures,systematic_failures,auto_repairs,manual_repairs,successful_repairs,failed_repairs,bad_servers_cured,bad_server_repair_failures,nonfaulty_repairs,misattributed_repairs,servers_retired,preemption_count,host_selection_count,job_stall_count,cluster_depleted,faulty_in_pool_initial,faulty_in_pool_timeavg,faulty_in_pool_final,faulty_in_active_timeavg,n_monitor_samples,wall_seconds,params_json
2255b8cb6e6728223798d8527425758ae673e429,job_length_sweep.py,job_length=15d,DefaultHostSelection(),NeverRemove(),46,4,680.0166666666667,0.5293987892453619,948,620,328,948,751,714,234,287,112,549,0,0,11,7,0,0,620,454.57894736842104,332,452.8859649122807,114,1.01,"{""adaptive_replications"": true, ""auto_repair_fail_prob"": 0.4, ""auto_repair_time"": 120.0, ""bad_server_regen_interval"": 43200, ""bad_server_regeneration"": false, ""confidence_level"": 0.95, ""diagnosis_probability"": 1.0, ""diagnosis_uncertainty"": 0.0, ""enable_topology"": false, ""failure_distribution"": ""exponential"", ""host_selection_time"": 3.0, ""job_length"": 21600, ""job_size"": 4096, ""lognormal_sigma"": 1.0, ""manual_repair_fail_prob"": 0.2, ""manual_repair_time"": 2880.0, ""max_replications"": 500, ""num_replications"": 10, ""preemption_wait_time"": 20.0, ""prob_auto_to_manual"": 0.8, ""rack_size"": 8, ""random_failure_rate"": 6.944444e-06, ""recovery_time"": 20.0, ""relative_accuracy"": 0.05, ""seed"": 42, ""spare_pool_size"": 200, ""systematic_failure_fraction"": 0.15, ""systematic_failure_rate_multiplier"": 5.0, ""warm_standbys"": 16, ""weibull_shape"": 1.0, ""working_pool_size"": 4160}"
2255b8cb6e6728223798d8527425758ae673e429,job_length_sweep.py,job_length=15d,DefaultHostSelection(),NeverRemove(),48,6,665.6333333333339,0.5408382993640135,904,571,333,904,730,673,231,300,81,523,0,0,12,6,0,0,622,453.1981981981982,324,451.8378378378378,111,1.01,"{""adaptive_replications"": true, ""auto_repair_fail_prob"": 0.4, ""auto_repair_time"": 120.0, ""bad_server_regen_interval"": 43200, ""bad_server_regeneration"": false, ""confidence_level"": 0.95, ""diagnosis_probability"": 1.0, ""diagnosis_uncertainty"": 0.0, ""enable_topology"": false, ""failure_distribution"": ""exponential"", ""host_selection_time"": 3.0, ""job_length"": 21600, ""job_size"": 4096, ""lognormal_sigma"": 1.0, ""manual_repair_fail_prob"": 0.2, ""manual_repair_time"": 2880.0, ""max_replications"": 500, ""num_replications"": 10, ""preemption_wait_time"": 20.0, ""prob_auto_to_manual"": 0.8, ""rack_size"": 8, ""random_failure_rate"": 6.944444e-06, ""recovery_time"": 20.0, ""relative_accuracy"": 0.05, ""seed"": 42, ""spare_pool_size"": 200, ""systematic_failure_fraction"": 0.15, ""systematic_failure_rate_multiplier"": 5.0, ""warm_standbys"": 16, ""weibull_shape"": 1.0, ""working_pool_size"": 4160}"
2255b8cb6e6728223798d8527425758ae673e429,job_length_sweep.py,job_length=15d,DefaultHostSelection(),NeverRemove(),44,2,676.1166666666664,0.5324524860107973,933,591,342,933,734,713,220,315,90,528,0,0,14,9,0,0,619,452.646017699115,304,450.6637168141593,113,1.37,"{""adaptive_replications"": true, ""auto_repair_fail_prob"": 0.4, ""auto_repair_time"": 120.0, ""bad_server_regen_interval"": 43200, ""bad_server_regeneration"": false, ""confidence_level"": 0.95, ""diagnosis_probability"": 1.0, ""diagnosis_uncertainty"": 0.0, ""enable_topology"": false, ""failure_distribution"": ""exponential"", ""host_selection_time"": 3.0, ""job_length"": 21600, ""job_size"": 4096, ""lognormal_sigma"": 1.0, ""manual_repair_fail_prob"": 0.2, ""manual_repair_time"": 2880.0, ""max_replications"": 500, ""num_replications"": 10, ""preemption_wait_time"": 20.0, ""prob_auto_to_manual"": 0.8, ""rack_size"": 8, ""random_failure_rate"": 6.944444e-06, ""recovery_time"": 20.0, ""relative_accuracy"": 0.05, ""seed"": 42, ""spare_pool_size"": 200, ""systematic_failure_fraction"": 0.15, ""systematic_failure_rate_multiplier"": 5.0, ""warm_standbys"": 16, ""weibull_shape"": 1.0, ""working_pool_size"": 4160}"
2255b8cb6e6728223798d8527425758ae673e429,job_length_sweep.py,job_length=15d,DefaultHostSelection(),NeverRemove(),42,0,675.3499999999999,0.5330569334419185,931,612,319,931,727,686,245,281,103,547,0,0,14,7,0,0,622,463.3805309734513,340,461.9911504424779,113,1.42,"{""adaptive_replications"": true, ""auto_repair_fail_prob"": 0.4, ""auto_repair_time"": 120.0, ""bad_server_regen_interval"": 43200, ""bad_server_regeneration"": false, ""confidence_level"": 0.95, ""diagnosis_probability"": 1.0, ""diagnosis_uncertainty"": 0.0, ""enable_topology"": false, ""failure_distribution"": ""exponential"", ""host_selection_time"": 3.0, ""job_length"": 21600, ""job_size"": 4096, ""lognormal_sigma"": 1.0, ""manual_repair_fail_prob"": 0.2, ""manual_repair_time"": 2880.0, ""max_replications"": 500, ""num_replications"": 10, ""preemption_wait_time"": 20.0, ""prob_auto_to_manual"": 0.8, ""rack_size"": 8, ""random_failure_rate"": 6.944444e-06, ""recovery_time"": 20.0, ""relative_accuracy"": 0.05, ""seed"": 42, ""spare_pool_size"": 200, ""systematic_failure_fraction"": 0.15, ""systematic_failure_rate_multiplier"": 5.0, ""warm_standbys"": 16, ""weibull_shape"": 1.0, ""working_pool_size"": 4160}"
2255b8cb6e6728223798d8527425758ae673e429,job_length_sweep.py,job_length=15d,DefaultHostSelection(),NeverRemove(),49,7,682.7833333333325,0.5272536431762165,955,619,336,955,773,727,228,305,106,544,0,0,12,9,0,0,623,454.7456140350877,317,451.43859649122805,114,1.64,"{""adaptive_replications"": true, ""auto_repair_fail_prob"": 0.4, ""auto_repair_time"": 120.0, ""bad_server_regen_interval"": 43200, ""bad_server_regeneration"": false, ""confidence_level"": 0.95, ""diagnosis_probability"": 1.0, ""diagnosis_uncertainty"": 0.0, ""enable_topology"": false, ""failure_distribution"": ""exponential"", ""host_selection_time"": 3.0, ""job_length"": 21600, ""job_size"": 4096, ""lognormal_sigma"": 1.0, ""manual_repair_fail_prob"": 0.2, ""manual_repair_time"": 2880.0, ""max_replications"": 500, ""num_replications"": 10, ""preemption_wait_time"": 20.0, ""prob_auto_to_manual"": 0.8, ""rack_size"": 8, ""random_failure_rate"": 6.944444e-06, ""recovery_time"": 20.0, ""relative_accuracy"": 0.05, ""seed"": 42, ""spare_pool_size"": 200, ""systematic_failure_fraction"": 0.15, ""systematic_failure_rate_multiplier"": 5.0, ""warm_standbys"": 16, ""weibull_shape"": 1.0, ""working_pool_size"": 4160}"
2255b8cb6e6728223798d8527425758ae673e429,job_length_sweep.py,job_length=15d,DefaultHostSelection(),NeverRemove(),45,3,687.3999999999997,0.5237125400058195,971,620,351,971,777,743,228,317,101,553,0,0,10,8,0,0,618,441.68695652173915,295,440.0086956521739,115,1.84,"{""adaptive_replications"": true, ""auto_repair_fail_prob"": 0.4, ""auto_repair_time"": 120.0, ""bad_server_regen_interval"": 43200, ""bad_server_regeneration"": false, ""confidence_level"": 0.95, ""diagnosis_probability"": 1.0, ""diagnosis_uncertainty"": 0.0, ""enable_topology"": false, ""failure_distribution"": ""exponential"", ""host_selection_time"": 3.0, ""job_length"": 21600, ""job_size"": 4096, ""lognormal_sigma"": 1.0, ""manual_repair_fail_prob"": 0.2, ""manual_repair_time"": 2880.0, ""max_replications"": 500, ""num_replications"": 10, ""preemption_wait_time"": 20.0, ""prob_auto_to_manual"": 0.8, ""rack_size"": 8, ""random_failure_rate"": 6.944444e-06, ""recovery_time"": 20.0, ""relative_accuracy"": 0.05, ""seed"": 42, ""spare_pool_size"": 200, ""systematic_failure_fraction"": 0.15, ""systematic_failure_rate_multiplier"": 5.0, ""warm_standbys"": 16, ""weibull_shape"": 1.0, ""working_pool_size"": 4160}"
2255b8cb6e6728223798d8527425758ae673e429,job_length_sweep.py,job_length=15d,DefaultHostSelection(),NeverRemove(),43,1,670.9666666666665,0.536539321377117,921,586,335,921,758,710,211,307,92,522,0,0,11,6,0,0,624,455.25892857142856,318,453.6607142857143,112,1.88,"{""adaptive_replications"": true, ""auto_repair_fail_prob"": 0.4, ""auto_repair_time"": 120.0, ""bad_server_regen_interval"": 43200, ""bad_server_regeneration"": false, ""confidence_level"": 0.95, ""diagnosis_probability"": 1.0, ""diagnosis_uncertainty"": 0.0, ""enable_topology"": false, ""failure_distribution"": ""exponential"", ""host_selection_time"": 3.0, ""job_length"": 21600, ""job_size"": 4096, ""lognormal_sigma"": 1.0, ""manual_repair_fail_prob"": 0.2, ""manual_repair_time"": 2880.0, ""max_replications"": 500, ""num_replications"": 10, ""preemption_wait_time"": 20.0, ""prob_auto_to_manual"": 0.8, ""rack_size"": 8, ""random_failure_rate"": 6.944444e-06, ""recovery_time"": 20.0, ""relative_accuracy"": 0.05, ""seed"": 42, ""spare_pool_size"": 200, ""systematic_failure_fraction"": 0.15, ""systematic_failure_rate_multiplier"": 5.0, ""warm_standbys"": 16, ""weibull_shape"": 1.0, ""working_pool_size"": 4160}"
2255b8cb6e6728223798d8527425758ae673e429,job_length_sweep.py,job_length=15d,DefaultHostSelection(),NeverRemove(),47,5,677.633333333334,0.5312607604899403,941,601,340,941,763,744,197,322,79,540,0,0,11,6,0,0,622,441.8407079646018,299,440.0619469026549,113,1.89,"{""adaptive_replications"": true, ""auto_repair_fail_prob"": 0.4, ""auto_repair_time"": 120.0, ""bad_server_regen_interval"": 43200, ""bad_server_regeneration"": false, ""confidence_level"": 0.95, ""diagnosis_probability"": 1.0, ""diagnosis_uncertainty"": 0.0, ""enable_topology"": false, ""failure_distribution"": ""exponential"", ""host_selection_time"": 3.0, ""job_length"": 21600, ""job_size"": 4096, ""lognormal_sigma"": 1.0, ""manual_repair_fail_prob"": 0.2, ""manual_repair_time"": 2880.0, ""max_replications"": 500, ""num_replications"": 10, ""preemption_wait_time"": 20.0, ""prob_auto_to_manual"": 0.8, ""rack_size"": 8, ""random_failure_rate"": 6.944444e-06, ""recovery_time"": 20.0, ""relative_accuracy"": 0.05, ""seed"": 42, ""spare_pool_size"": 200, ""systematic_failure_fraction"": 0.15, ""systematic_failure_rate_multiplier"": 5.0, ""warm_standbys"": 16, ""weibull_shape"": 1.0, ""working_pool_size"": 4160}"
2255b8cb6e6728223798d8527425758ae673e429,job_length_sweep.py,job_length=15d,DefaultHostSelection(),NeverRemove(),50,8,684.0666666666664,0.5262644966377538,948,601,347,948,759,711,237,298,102,548,0,0,23,8,0,0,625,455.6608695652174,327,453.16521739130434,115,1.22,"{""adaptive_replications"": true, ""auto_repair_fail_prob"": 0.4, ""auto_repair_time"": 120.0, ""bad_server_regen_interval"": 43200, ""bad_server_regeneration"": false, ""confidence_level"": 0.95, ""diagnosis_probability"": 1.0, ""diagnosis_uncertainty"": 0.0, ""enable_topology"": false, ""failure_distribution"": ""exponential"", ""host_selection_time"": 3.0, ""job_length"": 21600, ""job_size"": 4096, ""lognormal_sigma"": 1.0, ""manual_repair_fail_prob"": 0.2, ""manual_repair_time"": 2880.0, ""max_replications"": 500, ""num_replications"": 10, ""preemption_wait_time"": 20.0, ""prob_auto_to_manual"": 0.8, ""rack_size"": 8, ""random_failure_rate"": 6.944444e-06, ""recovery_time"": 20.0, ""relative_accuracy"": 0.05, ""seed"": 42, ""spare_pool_size"": 200, ""systematic_failure_fraction"": 0.15, ""systematic_failure_rate_multiplier"": 5.0, ""warm_standbys"": 16, ""weibull_shape"": 1.0, ""working_pool_size"": 4160}"
2255b8cb6e6728223798d8527425758ae673e429,job_length_sweep.py,job_length=15d,DefaultHostSelection(),NeverRemove(),51,9,672.3999999999997,0.5353955978584172,924,582,342,924,720,703,221,300,94,530,0,0,12,8,0,0,620,453.46902654867256,319,451.46017699115043,113,2.37,"{""adaptive_replications"": true, ""auto_repair_fail_prob"": 0.4, ""auto_repair_time"": 120.0, ""bad_server_regen_interval"": 43200, ""bad_server_regeneration"": false, ""confidence_level"": 0.95, ""diagnosis_probability"": 1.0, ""diagnosis_uncertainty"": 0.0, ""enable_topology"": false, ""failure_distribution"": ""exponential"", ""host_selection_time"": 3.0, ""job_length"": 21600, ""job_size"": 4096, ""lognormal_sigma"": 1.0, ""manual_repair_fail_prob"": 0.2, ""manual_repair_time"": 2880.0, ""max_replications"": 500, ""num_replications"": 10, ""preemption_wait_time"": 20.0, ""prob_auto_to_manual"": 0.8, ""rack_size"": 8, ""random_failure_rate"": 6.944444e-06, ""recovery_time"": 20.0, ""relative_accuracy"": 0.05, ""seed"": 42, ""spare_pool_size"": 200, ""systematic_failure_fraction"": 0.15, ""systematic_failure_rate_multiplier"": 5.0, ""warm_standbys"": 16, ""weibull_shape"": 1.0, ""working_pool_size"": 4160}"
2255b8cb6e6728223798d8527425758ae673e429,job_length_sweep.py,job_length=30d,DefaultHostSelection(),NeverRemove(),43,1,1301.166666666668,0.5533495580888932,1731,1236,495,1731,1406,1333,398,454,138,1139,0,0,11,10,0,0,624,345.4884792626728,170,343.8479262672811,217,5.43,"{""adaptive_replications"": true, ""auto_repair_fail_prob"": 0.4, ""auto_repair_time"": 120.0, ""bad_server_regen_interval"": 43200, ""bad_server_regeneration"": false, ""confidence_level"": 0.95, ""diagnosis_probability"": 1.0, ""diagnosis_uncertainty"": 0.0, ""enable_topology"": false, ""failure_distribution"": ""exponential"", ""host_selection_time"": 3.0, ""job_length"": 43200, ""job_size"": 4096, ""lognormal_sigma"": 1.0, ""manual_repair_fail_prob"": 0.2, ""manual_repair_time"": 2880.0, ""max_replications"": 500, ""num_replications"": 10, ""preemption_wait_time"": 20.0, ""prob_auto_to_manual"": 0.8, ""rack_size"": 8, ""random_failure_rate"": 6.944444e-06, ""recovery_time"": 20.0, ""relative_accuracy"": 0.05, ""seed"": 42, ""spare_pool_size"": 200, ""systematic_failure_fraction"": 0.15, ""systematic_failure_rate_multiplier"": 5.0, ""warm_standbys"": 16, ""weibull_shape"": 1.0, ""working_pool_size"": 4160}"
2255b8cb6e6728223798d8527425758ae673e429,job_length_sweep.py,job_length=30d,DefaultHostSelection(),NeverRemove(),42,0,1290.7833333333344,0.5578008186243492,1697,1203,494,1697,1334,1271,426,441,148,1108,0,0,14,9,0,0,622,362.02777777777777,182,360.69444444444446,216,5.58,"{""adaptive_replications"": true, ""auto_repair_fail_prob"": 0.4, ""auto_repair_time"": 120.0, ""bad_server_regen_interval"": 43200, ""bad_server_regeneration"": false, ""confidence_level"": 0.95, ""diagnosis_probability"": 1.0, ""diagnosis_uncertainty"": 0.0, ""enable_topology"": false, ""failure_distribution"": ""exponential"", ""host_selection_time"": 3.0, ""job_length"": 43200, ""job_size"": 4096, ""lognormal_sigma"": 1.0, ""manual_repair_fail_prob"": 0.2, ""manual_repair_time"": 2880.0, ""max_replications"": 500, ""num_replications"": 10, ""preemption_wait_time"": 20.0, ""prob_auto_to_manual"": 0.8, ""rack_size"": 8, ""random_failure_rate"": 6.944444e-06, ""recovery_time"": 20.0, ""relative_accuracy"": 0.05, ""seed"": 42, ""spare_pool_size"": 200, ""systematic_failure_fraction"": 0.15, ""systematic_failure_rate_multiplier"": 5.0, ""warm_standbys"": 16, ""weibull_shape"": 1.0, ""working_pool_size"": 4160}"
2255b8cb6e6728223798d8527425758ae673e429,job_length_sweep.py,job_length=30d,DefaultHostSelection(),NeverRemove(),44,2,1295.8833333333348,0.5556055714892038,1712,1191,521,1712,1359,1323,389,474,147,1091,0,0,14,11,0,0,619,339.31481481481484,145,337.73148148148147,216,6.24,"{""adaptive_replications"": true, ""auto_repair_fail_prob"": 0.4, ""auto_repair_time"": 120.0, ""bad_server_regen_interval"": 43200, ""bad_server_regeneration"": false, ""confidence_level"": 0.95, ""diagnosis_probability"": 1.0, ""diagnosis_uncertainty"": 0.0, ""enable_topology"": false, ""failure_distribution"": ""exponential"", ""host_selection_time"": 3.0, ""job_length"": 43200, ""job_size"": 4096, ""lognormal_sigma"": 1.0, ""manual_repair_fail_prob"": 0.2, ""manual_repair_time"": 2880.0, ""max_replications"": 500, ""num_replications"": 10, ""preemption_wait_time"": 20.0, ""prob_auto_to_manual"": 0.8, ""rack_size"": 8, ""random_failure_rate"": 6.944444e-06, ""recovery_time"": 20.0, ""relative_accuracy"": 0.05, ""seed"": 42, ""spare_pool_size"": 200, ""systematic_failure_fraction"": 0.15, ""systematic_failure_rate_multiplier"": 5.0, ""warm_standbys"": 16, ""weibull_shape"": 1.0, ""working_pool_size"": 4160}"
2255b8cb6e6728223798d8527425758ae673e429,job_length_sweep.py,job_length=30d,DefaultHostSelection(),NeverRemove(),48,6,1282.7333333333336,0.5613013876617624,1675,1180,495,1675,1349,1247,428,459,122,1094,0,0,12,8,0,0,622,346.0,166,344.7943925233645,214,5.78,"{""adaptive_replications"": true, ""auto_repair_fail_prob"": 0.4, ""auto_repair_time"": 120.0, ""bad_server_regen_interval"": 43200, ""bad_server_regeneration"": false, ""confidence_level"": 0.95, ""diagnosis_probability"": 1.0, ""diagnosis_uncertainty"": 0.0, ""enable_topology"": false, ""failure_distribution"": ""exponential"", ""host_selection_time"": 3.0, ""job_length"": 43200, ""job_size"": 4096, ""lognormal_sigma"": 1.0, ""manual_repair_fail_prob"": 0.2, ""manual_repair_time"": 2880.0, ""max_replications"": 500, ""num_replications"": 10, ""preemption_wait_time"": 20.0, ""prob_auto_to_manual"": 0.8, ""rack_size"": 8, ""random_failure_rate"": 6.944444e-06, ""recovery_time"": 20.0, ""relative_accuracy"": 0.05, ""seed"": 42, ""spare_pool_size"": 200, ""systematic_failure_fraction"": 0.15, ""systematic_failure_rate_multiplier"": 5.0, ""warm_standbys"": 16, ""weibull_shape"": 1.0, ""working_pool_size"": 4160}"
2255b8cb6e6728223798d8527425758ae673e429,job_length_sweep.py,job_length=30d,DefaultHostSelection(),NeverRemove(),45,3,1297.8333333333346,0.5547707717991518,1722,1226,496,1722,1366,1328,394,462,131,1129,0,0,10,10,0,0,618,334.86175115207374,156,333.4147465437788,217,6.36,"{""adaptive_replications"": true, ""auto_repair_fail_prob"": 0.4, ""auto_repair_time"": 120.0, ""bad_server_regen_interval"": 43200, ""bad_server_regeneration"": false, ""confidence_level"": 0.95, ""diagnosis_probability"": 1.0, ""diagnosis_uncertainty"": 0.0, ""enable_topology"": false, ""failure_distribution"": ""exponential"", ""host_selection_time"": 3.0, ""job_length"": 43200, ""job_size"": 4096, ""lognormal_sigma"": 1.0, ""manual_repair_fail_prob"": 0.2, ""manual_repair_time"": 2880.0, ""max_replications"": 500, ""num_replications"": 10, ""preemption_wait_time"": 20.0, ""prob_auto_to_manual"": 0.8, ""rack_size"": 8, ""random_failure_rate"": 6.944444e-06, ""recovery_time"": 20.0, ""relative_accuracy"": 0.05, ""seed"": 42, ""spare_pool_size"": 200, ""systematic_failure_fraction"": 0.15, ""systematic_failure_rate_multiplier"": 5.0, ""warm_standbys"": 16, ""weibull_shape"": 1.0, ""working_pool_size"": 4160}"
2255b8cb6e6728223798d8527425758ae673e429,job_length_sweep.py,job_length=30d,DefaultHostSelection(),NeverRemove(),46,4,1288.4999999999986,0.5587892898719445,1693,1193,500,1693,1358,1295,398,449,158,1086,0,0,11,10,0,0,620,353.2325581395349,172,351.68372093023254,215,6.53,"{""adaptive_replications"": true, ""auto_repair_fail_prob"": 0.4, ""auto_repair_time"": 120.0, ""bad_server_regen_interval"": 43200, ""bad_server_regeneration"": false, ""confidence_level"": 0.95, ""diagnosis_probability"": 1.0, ""diagnosis_uncertainty"": 0.0, ""enable_topology"": false, ""failure_distribution"": ""exponential"", ""host_selection_time"": 3.0, ""job_length"": 43200, ""job_size"": 4096, ""lognormal_sigma"": 1.0, ""manual_repair_fail_prob"": 0.2, ""manual_repair_time"": 2880.0, ""max_replications"": 500, ""num_replications"": 10, ""preemption_wait_time"": 20.0, ""prob_auto_to_manual"": 0.8, ""rack_size"": 8, ""random_failure_rate"": 6.944444e-06, ""recovery_time"": 20.0, ""relative_accuracy"": 0.05, ""seed"": 42, ""spare_pool_size"": 200, ""systematic_failure_fraction"": 0.15, ""systematic_failure_rate_multiplier"": 5.0, ""warm_standbys"": 16, ""weibull_shape"": 1.0, ""working_pool_size"": 4160}"
2255b8cb6e6728223798d8527425758ae673e429,job_length_sweep.py,job_length=30d,DefaultHostSelection(),NeverRemove(),47,5,1300.783333333333,0.5535126270068044,1730,1238,492,1730,1395,1351,379,476,111,1143,0,0,11,9,0,0,622,334.51612903225805,144,333.1705069124424,217,6.52,"{""adaptive_replications"": true, ""auto_repair_fail_prob"": 0.4, ""auto_repair_time"": 120.0, ""bad_server_regen_interval"": 43200, ""bad_server_regeneration"": false, ""confidence_level"": 0.95, ""diagnosis_probability"": 1.0, ""diagnosis_uncertainty"": 0.0, ""enable_topology"": false, ""failure_distribution"": ""exponential"", ""host_selection_time"": 3.0, ""job_length"": 43200, ""job_size"": 4096, ""lognormal_sigma"": 1.0, ""manual_repair_fail_prob"": 0.2, ""manual_repair_time"": 2880.0, ""max_replications"": 500, ""num_replications"": 10, ""preemption_wait_time"": 20.0, ""prob_auto_to_manual"": 0.8, ""rack_size"": 8, ""random_failure_rate"": 6.944444e-06, ""recovery_time"": 20.0, ""relative_accuracy"": 0.05, ""seed"": 42, ""spare_pool_size"": 200, ""systematic_failure_fraction"": 0.15, ""systematic_failure_rate_multiplier"": 5.0, ""warm_standbys"": 16, ""weibull_shape"": 1.0, ""working_pool_size"": 4160}"
2255b8cb6e6728223798d8527425758ae673e429,job_length_sweep.py,job_length=30d,DefaultHostSelection(),NeverRemove(),49,7,1304.5499999999972,0.5519144532597462,1740,1228,512,1740,1397,1329,411,463,157,1120,0,0,12,11,0,0,623,347.9954128440367,161,345.6238532110092,218,6.69,"{""adaptive_replications"": true, ""auto_repair_fail_prob"": 0.4, ""auto_repair_time"": 120.0, ""bad_server_regen_interval"": 43200, ""bad_server_regeneration"": false, ""confidence_level"": 0.95, ""diagnosis_probability"": 1.0, ""diagnosis_uncertainty"": 0.0, ""enable_topology"": false, ""failure_distribution"": ""exponential"", ""host_selection_time"": 3.0, ""job_length"": 43200, ""job_size"": 4096, ""lognormal_sigma"": 1.0, ""manual_repair_fail_prob"": 0.2, ""manual_repair_time"": 2880.0, ""max_replications"": 500, ""num_replications"": 10, ""preemption_wait_time"": 20.0, ""prob_auto_to_manual"": 0.8, ""rack_size"": 8, ""random_failure_rate"": 6.944444e-06, ""recovery_time"": 20.0, ""relative_accuracy"": 0.05, ""seed"": 42, ""spare_pool_size"": 200, ""systematic_failure_fraction"": 0.15, ""systematic_failure_rate_multiplier"": 5.0, ""warm_standbys"": 16, ""weibull_shape"": 1.0, ""working_pool_size"": 4160}"
2255b8cb6e6728223798d8527425758ae673e429,job_length_sweep.py,job_length=30d,DefaultHostSelection(),NeverRemove(),50,8,1310.1666666666672,0.5495484035110035,1746,1238,508,1746,1376,1319,427,450,150,1146,0,0,23,10,0,0,625,355.50228310502285,176,353.648401826484,219,4.93,"{""adaptive_replications"": true, ""auto_repair_fail_prob"": 0.4, ""auto_repair_time"": 120.0, ""bad_server_regen_interval"": 43200, ""bad_server_regeneration"": false, ""confidence_level"": 0.95, ""diagnosis_probability"": 1.0, ""diagnosis_uncertainty"": 0.0, ""enable_topology"": false, ""failure_distribution"": ""exponential"", ""host_selection_time"": 3.0, ""job_length"": 43200, ""job_size"": 4096, ""lognormal_sigma"": 1.0, ""manual_repair_fail_prob"": 0.2, ""manual_repair_time"": 2880.0, ""max_replications"": 500, ""num_replications"": 10, ""preemption_wait_time"": 20.0, ""prob_auto_to_manual"": 0.8, ""rack_size"": 8, ""random_failure_rate"": 6.944444e-06, ""recovery_time"": 20.0, ""relative_accuracy"": 0.05, ""seed"": 42, ""spare_pool_size"": 200, ""systematic_failure_fraction"": 0.15, ""systematic_failure_rate_multiplier"": 5.0, ""warm_standbys"": 16, ""weibull_shape"": 1.0, ""working_pool_size"": 4160}"
2255b8cb6e6728223798d8527425758ae673e429,job_length_sweep.py,job_length=30d,DefaultHostSelection(),NeverRemove(),51,9,1296.8833333333305,0.5551771554881587,1717,1220,497,1717,1358,1328,389,452,135,1130,0,0,12,11,0,0,620,348.29493087557603,169,346.3594470046083,217,6.93,"{""adaptive_replications"": true, ""auto_repair_fail_prob"": 0.4, ""auto_repair_time"": 120.0, ""bad_server_regen_interval"": 43200, ""bad_server_regeneration"": false, ""confidence_level"": 0.95, ""diagnosis_probability"": 1.0, ""diagnosis_uncertainty"": 0.0, ""enable_topology"": false, ""failure_distribution"": ""exponential"", ""host_selection_time"": 3.0, ""job_length"": 43200, ""job_size"": 4096, ""lognormal_sigma"": 1.0, ""manual_repair_fail_prob"": 0.2, ""manual_repair_time"": 2880.0, ""max_replications"": 500, ""num_replications"": 10, ""preemption_wait_time"": 20.0, ""prob_auto_to_manual"": 0.8, ""rack_size"": 8, ""random_failure_rate"": 6.944444e-06, ""recovery_time"": 20.0, ""relative_accuracy"": 0.05, ""seed"": 42, ""spare_pool_size"": 200, ""systematic_failure_fraction"": 0.15, ""systematic_failure_rate_multiplier"": 5.0, ""warm_standbys"": 16, ""weibull_shape"": 1.0, ""working_pool_size"": 4160}"
2255b8cb6e6728223798d8527425758ae673e429,job_length_sweep.py,job_length=60d,DefaultHostSelection(),NeverRemove(),43,1,2466.3166666666652,0.5838666297244874,3066,2446,620,3066,2465,2357,709,571,175,2320,0,0,11,13,0,0,624,229.60194174757282,53,228.51699029126215,412,8.76,"{""adaptive_replications"": true, ""auto_repair_fail_prob"": 0.4, ""auto_repair_time"": 120.0, ""bad_server_regen_interval"": 43200, ""bad_server_regeneration"": false, ""confidence_level"": 0.95, ""diagnosis_probability"": 1.0, ""diagnosis_uncertainty"": 0.0, ""enable_topology"": false, ""failure_distribution"": ""exponential"", ""host_selection_time"": 3.0, ""job_length"": 86400, ""job_size"": 4096, ""lognormal_sigma"": 1.0, ""manual_repair_fail_prob"": 0.2, ""manual_repair_time"": 2880.0, ""max_replications"": 500, ""num_replications"": 10, ""preemption_wait_time"": 20.0, ""prob_auto_to_manual"": 0.8, ""rack_size"": 8, ""random_failure_rate"": 6.944444e-06, ""recovery_time"": 20.0, ""relative_accuracy"": 0.05, ""seed"": 42, ""spare_pool_size"": 200, ""systematic_failure_fraction"": 0.15, ""systematic_failure_rate_multiplier"": 5.0, ""warm_standbys"": 16, ""weibull_shape"": 1.0, ""working_pool_size"": 4160}"
2255b8cb6e6728223798d8527425758ae673e429,job_length_sweep.py,job_length=60d,DefaultHostSelection(),NeverRemove(),44,2,2460.133333333337,0.5853341282315311,3044,2412,632,3044,2438,2319,725,578,183,2283,0,0,14,16,0,0,619,218.92457420924575,40,217.82968369829683,411,10.89,"{""adaptive_replications"": true, ""auto_repair_fail_prob"": 0.4, ""auto_repair_time"": 120.0, ""bad_server_regen_interval"": 43200, ""bad_server_regeneration"": false, ""confidence_level"": 0.95, ""diagnosis_probability"": 1.0, ""diagnosis_uncertainty"": 0.0, ""enable_topology"": false, ""failure_distribution"": ""exponential"", ""host_selection_time"": 3.0, ""job_length"": 86400, ""job_size"": 4096, ""lognormal_sigma"": 1.0, ""manual_repair_fail_prob"": 0.2, ""manual_repair_time"": 2880.0, ""max_replications"": 500, ""num_replications"": 10, ""preemption_wait_time"": 20.0, ""prob_auto_to_manual"": 0.8, ""rack_size"": 8, ""random_failure_rate"": 6.944444e-06, ""recovery_time"": 20.0, ""relative_accuracy"": 0.05, ""seed"": 42, ""spare_pool_size"": 200, ""systematic_failure_fraction"": 0.15, ""systematic_failure_rate_multiplier"": 5.0, ""warm_standbys"": 16, ""weibull_shape"": 1.0, ""working_pool_size"": 4160}"
2255b8cb6e6728223798d8527425758ae673e429,job_length_sweep.py,job_length=60d,DefaultHostSelection(),NeverRemove(),42,0,2469.6500000000055,0.5830785738869884,3073,2419,654,3073,2440,2319,754,569,195,2309,0,0,14,13,0,0,622,238.8495145631068,53,237.91990291262135,412,11.42,"{""adaptive_replications"": true, ""auto_repair_fail_prob"": 0.4, ""auto_repair_time"": 120.0, ""bad_server_regen_interval"": 43200, ""bad_server_regeneration"": false, ""confidence_level"": 0.95, ""diagnosis_probability"": 1.0, ""diagnosis_uncertainty"": 0.0, ""enable_topology"": false, ""failure_distribution"": ""exponential"", ""host_selection_time"": 3.0, ""job_length"": 86400, ""job_size"": 4096, ""lognormal_sigma"": 1.0, ""manual_repair_fail_prob"": 0.2, ""manual_repair_time"": 2880.0, ""max_replications"": 500, ""num_replications"": 10, ""preemption_wait_time"": 20.0, ""prob_auto_to_manual"": 0.8, ""rack_size"": 8, ""random_failure_rate"": 6.944444e-06, ""recovery_time"": 20.0, ""relative_accuracy"": 0.05, ""seed"": 42, ""spare_pool_size"": 200, ""systematic_failure_fraction"": 0.15, ""systematic_failure_rate_multiplier"": 5.0, ""warm_standbys"": 16, ""weibull_shape"": 1.0, ""working_pool_size"": 4160}"
2255b8cb6e6728223798d8527425758ae673e429,job_length_sweep.py,job_length=60d,DefaultHostSelection(),NeverRemove(),47,5,2465.933333333333,0.583957392738384,3065,2453,612,3065,2462,2377,688,582,148,2335,0,0,11,12,0,0,622,215.70559610705595,41,214.65693430656935,411,9.34,"{""adaptive_replications"": true, ""auto_repair_fail_prob"": 0.4, ""auto_repair_time"": 120.0, ""bad_server_regen_interval"": 43200, ""bad_server_regeneration"": false, ""confidence_level"": 0.95, ""diagnosis_probability"": 1.0, ""diagnosis_uncertainty"": 0.0, ""enable_topology"": false, ""failure_distribution"": ""exponential"", ""host_selection_time"": 3.0, ""job_length"": 86400, ""job_size"": 4096, ""lognormal_sigma"": 1.0, ""manual_repair_fail_prob"": 0.2, ""manual_repair_time"": 2880.0, ""max_replications"": 500, ""num_replications"": 10, ""preemption_wait_time"": 20.0, ""prob_auto_to_manual"": 0.8, ""rack_size"": 8, ""random_failure_rate"": 6.944444e-06, ""recovery_time"": 20.0, ""relative_accuracy"": 0.05, ""seed"": 42, ""spare_pool_size"": 200, ""systematic_failure_fraction"": 0.15, ""systematic_failure_rate_multiplier"": 5.0, ""warm_standbys"": 16, ""weibull_shape"": 1.0, ""working_pool_size"": 4160}"
2255b8cb6e6728223798d8527425758ae673e429,job_length_sweep.py,job_length=60d,DefaultHostSelection(),NeverRemove(),46,4,2453.366666666668,0.5869485468947431,3027,2382,645,3027,2418,2305,722,582,202,2243,0,0,11,14,0,0,620,231.75305623471883,37,230.58190709046454,409,11.64,"{""adaptive_replications"": true, ""auto_repair_fail_prob"": 0.4, ""auto_repair_time"": 120.0, ""bad_server_regen_interval"": 43200, ""bad_server_regeneration"": false, ""confidence_level"": 0.95, ""diagnosis_probability"": 1.0, ""diagnosis_uncertainty"": 0.0, ""enable_topology"": false, ""failure_distribution"": ""exponential"", ""host_selection_time"": 3.0, ""job_length"": 86400, ""job_size"": 4096, ""lognormal_sigma"": 1.0, ""manual_repair_fail_prob"": 0.2, ""manual_repair_time"": 2880.0, ""max_replications"": 500, ""num_replications"": 10, ""preemption_wait_time"": 20.0, ""prob_auto_to_manual"": 0.8, ""rack_size"": 8, ""random_failure_rate"": 6.944444e-06, ""recovery_time"": 20.0, ""relative_accuracy"": 0.05, ""seed"": 42, ""spare_pool_size"": 200, ""systematic_failure_fraction"": 0.15, ""systematic_failure_rate_multiplier"": 5.0, ""warm_standbys"": 16, ""weibull_shape"": 1.0, ""working_pool_size"": 4160}"
2255b8cb6e6728223798d8527425758ae673e429,job_length_sweep.py,job_length=60d,DefaultHostSelection(),NeverRemove(),45,3,2456.416666666673,0.5862197645622012,3037,2423,614,3037,2409,2344,693,567,167,2303,0,0,10,15,0,0,618,219.0878048780488,51,218.13658536585365,410,11.75,"{""adaptive_replications"": true, ""auto_repair_fail_prob"": 0.4, ""auto_repair_time"": 120.0, ""bad_server_regen_interval"": 43200, ""bad_server_regeneration"": false, ""confidence_level"": 0.95, ""diagnosis_probability"": 1.0, ""diagnosis_uncertainty"": 0.0, ""enable_topology"": false, ""failure_distribution"": ""exponential"", ""host_selection_time"": 3.0, ""job_length"": 86400, ""job_size"": 4096, ""lognormal_sigma"": 1.0, ""manual_repair_fail_prob"": 0.2, ""manual_repair_time"": 2880.0, ""max_replications"": 500, ""num_replications"": 10, ""preemption_wait_time"": 20.0, ""prob_auto_to_manual"": 0.8, ""rack_size"": 8, ""random_failure_rate"": 6.944444e-06, ""recovery_time"": 20.0, ""relative_accuracy"": 0.05, ""seed"": 42, ""spare_pool_size"": 200, ""systematic_failure_fraction"": 0.15, ""systematic_failure_rate_multiplier"": 5.0, ""warm_standbys"": 16, ""weibull_shape"": 1.0, ""working_pool_size"": 4160}"
2255b8cb6e6728223798d8527425758ae673e429,job_length_sweep.py,job_length=60d,DefaultHostSelection(),NeverRemove(),48,6,2446.266666666675,0.5886520957104698,3005,2377,628,3005,2440,2260,745,572,165,2268,0,0,12,12,0,0,622,226.89705882352942,52,225.80882352941177,408,8.47,"{""adaptive_replications"": true, ""auto_repair_fail_prob"": 0.4, ""auto_repair_time"": 120.0, ""bad_server_regen_interval"": 43200, ""bad_server_regeneration"": false, ""confidence_level"": 0.95, ""diagnosis_probability"": 1.0, ""diagnosis_uncertainty"": 0.0, ""enable_topology"": false, ""failure_distribution"": ""exponential"", ""host_selection_time"": 3.0, ""job_length"": 86400, ""job_size"": 4096, ""lognormal_sigma"": 1.0, ""manual_repair_fail_prob"": 0.2, ""manual_repair_time"": 2880.0, ""max_replications"": 500, ""num_replications"": 10, ""preemption_wait_time"": 20.0, ""prob_auto_to_manual"": 0.8, ""rack_size"": 8, ""random_failure_rate"": 6.944444e-06, ""recovery_time"": 20.0, ""relative_accuracy"": 0.05, ""seed"": 42, ""spare_pool_size"": 200, ""systematic_failure_fraction"": 0.15, ""systematic_failure_rate_multiplier"": 5.0, ""warm_standbys"": 16, ""weibull_shape"": 1.0, ""working_pool_size"": 4160}"
2255b8cb6e6728223798d8527425758ae673e429,job_length_sweep.py,job_length=60d,DefaultHostSelection(),NeverRemove(),49,7,2504.750000000006,0.5749076754167076,3180,2541,639,3180,2532,2456,724,586,187,2407,0,0,12,15,0,0,623,225.3732057416268,39,223.75358851674642,418,9.48,"{""adaptive_replications"": true, ""auto_repair_fail_prob"": 0.4, ""auto_repair_time"": 120.0, ""bad_server_regen_interval"": 43200, ""bad_server_regeneration"": false, ""confidence_level"": 0.95, ""diagnosis_probability"": 1.0, ""diagnosis_uncertainty"": 0.0, ""enable_topology"": false, ""failure_distribution"": ""exponential"", ""host_selection_time"": 3.0, ""job_length"": 86400, ""job_size"": 4096, ""lognormal_sigma"": 1.0, ""manual_repair_fail_prob"": 0.2, ""manual_repair_time"": 2880.0, ""max_replications"": 500, ""num_replications"": 10, ""preemption_wait_time"": 20.0, ""prob_auto_to_manual"": 0.8, ""rack_size"": 8, ""random_failure_rate"": 6.944444e-06, ""recovery_time"": 20.0, ""relative_accuracy"": 0.05, ""seed"": 42, ""spare_pool_size"": 200, ""systematic_failure_fraction"": 0.15, ""systematic_failure_rate_multiplier"": 5.0, ""warm_standbys"": 16, ""weibull_shape"": 1.0, ""working_pool_size"": 4160}"
2255b8cb6e6728223798d8527425758ae673e429,job_length_sweep.py,job_length=60d,DefaultHostSelection(),NeverRemove(),50,8,2479.6500000000005,0.5807271187465958,3094,2438,656,3094,2452,2346,748,585,185,2324,0,0,23,13,0,0,625,232.04347826086956,43,230.66183574879227,414,9.82,"{""adaptive_replications"": true, ""auto_repair_fail_prob"": 0.4, ""auto_repair_time"": 120.0, ""bad_server_regen_interval"": 43200, ""bad_server_regeneration"": false, ""confidence_level"": 0.95, ""diagnosis_probability"": 1.0, ""diagnosis_uncertainty"": 0.0, ""enable_topology"": false, ""failure_distribution"": ""exponential"", ""host_selection_time"": 3.0, ""job_length"": 86400, ""job_size"": 4096, ""lognormal_sigma"": 1.0, ""manual_repair_fail_prob"": 0.2, ""manual_repair_time"": 2880.0, ""max_replications"": 500, ""num_replications"": 10, ""preemption_wait_time"": 20.0, ""prob_auto_to_manual"": 0.8, ""rack_size"": 8, ""random_failure_rate"": 6.944444e-06, ""recovery_time"": 20.0, ""relative_accuracy"": 0.05, ""seed"": 42, ""spare_pool_size"": 200, ""systematic_failure_fraction"": 0.15, ""systematic_failure_rate_multiplier"": 5.0, ""warm_standbys"": 16, ""weibull_shape"": 1.0, ""working_pool_size"": 4160}"
2255b8cb6e6728223798d8527425758ae673e429,job_length_sweep.py,job_length=60d,DefaultHostSelection(),NeverRemove(),51,9,2477.366666666669,0.5812623619165529,3098,2463,635,3098,2448,2358,740,570,186,2342,0,0,12,14,0,0,620,229.1961259079903,51,227.71912832929783,413,10.84,"{""adaptive_replications"": true, ""auto_repair_fail_prob"": 0.4, ""auto_repair_time"": 120.0, ""bad_server_regen_interval"": 43200, ""bad_server_regeneration"": false, ""confidence_level"": 0.95, ""diagnosis_probability"": 1.0, ""diagnosis_uncertainty"": 0.0, ""enable_topology"": false, ""failure_distribution"": ""exponential"", ""host_selection_time"": 3.0, ""job_length"": 86400, ""job_size"": 4096, ""lognormal_sigma"": 1.0, ""manual_repair_fail_prob"": 0.2, ""manual_repair_time"": 2880.0, ""max_replications"": 500, ""num_replications"": 10, ""preemption_wait_time"": 20.0, ""prob_auto_to_manual"": 0.8, ""rack_size"": 8, ""random_failure_rate"": 6.944444e-06, ""recovery_time"": 20.0, ""relative_accuracy"": 0.05, ""seed"": 42, ""spare_pool_size"": 200, ""systematic_failure_fraction"": 0.15, ""systematic_failure_rate_multiplier"": 5.0, ""warm_standbys"": 16, ""weibull_shape"": 1.0, ""working_pool_size"": 4160}"
2255b8cb6e6728223798d8527425758ae673e429,job_length_sweep.py,job_length=120d,DefaultHostSelection(),NeverRemove(),43,1,4737.099999999989,0.6079668995799093,5557,4887,670,5557,4418,4233,1324,622,187,4748,0,0,11,22,0,0,624,126.07088607594936,3,125.38607594936708,790,16.88,"{""adaptive_replications"": true, ""auto_repair_fail_prob"": 0.4, ""auto_repair_time"": 120.0, ""bad_server_regen_interval"": 43200, ""bad_server_regeneration"": false, ""confidence_level"": 0.95, ""diagnosis_probability"": 1.0, ""diagnosis_uncertainty"": 0.0, ""enable_topology"": false, ""failure_distribution"": ""exponential"", ""host_selection_time"": 3.0, ""job_length"": 172800, ""job_size"": 4096, ""lognormal_sigma"": 1.0, ""manual_repair_fail_prob"": 0.2, ""manual_repair_time"": 2880.0, ""max_replications"": 500, ""num_replications"": 10, ""preemption_wait_time"": 20.0, ""prob_auto_to_manual"": 0.8, ""rack_size"": 8, ""random_failure_rate"": 6.944444e-06, ""recovery_time"": 20.0, ""relative_accuracy"": 0.05, ""seed"": 42, ""spare_pool_size"": 200, ""systematic_failure_fraction"": 0.15, ""systematic_failure_rate_multiplier"": 5.0, ""warm_standbys"": 16, ""weibull_shape"": 1.0, ""working_pool_size"": 4160}"
2255b8cb6e6728223798d8527425758ae673e429,job_length_sweep.py,job_length=120d,DefaultHostSelection(),NeverRemove(),42,0,4753.71666666665,0.605841744880321,5604,4889,715,5604,4438,4257,1347,622,212,4770,0,0,14,21,0,0,622,131.89407313997478,2,131.28625472887768,793,18.75,"{""adaptive_replications"": true, ""auto_repair_fail_prob"": 0.4, ""auto_repair_time"": 120.0, ""bad_server_regen_interval"": 43200, ""bad_server_regeneration"": false, ""confidence_level"": 0.95, ""diagnosis_probability"": 1.0, ""diagnosis_uncertainty"": 0.0, ""enable_topology"": false, ""failure_distribution"": ""exponential"", ""host_selection_time"": 3.0, ""job_length"": 172800, ""job_size"": 4096, ""lognormal_sigma"": 1.0, ""manual_repair_fail_prob"": 0.2, ""manual_repair_time"": 2880.0, ""max_replications"": 500, ""num_replications"": 10, ""preemption_wait_time"": 20.0, ""prob_auto_to_manual"": 0.8, ""rack_size"": 8, ""random_failure_rate"": 6.944444e-06, ""recovery_time"": 20.0, ""relative_accuracy"": 0.05, ""seed"": 42, ""spare_pool_size"": 200, ""systematic_failure_fraction"": 0.15, ""systematic_failure_rate_multiplier"": 5.0, ""warm_standbys"": 16, ""weibull_shape"": 1.0, ""working_pool_size"": 4160}"
2255b8cb6e6728223798d8527425758ae673e429,job_length_sweep.py,job_length=120d,DefaultHostSelection(),NeverRemove(),47,5,4746.666666666669,0.6067415730337063,5586,4933,653,5586,4467,4325,1261,619,164,4803,0,0,11,20,0,0,622,119.48989898989899,4,118.80934343434343,792,14.79,"{""adaptive_replications"": true, ""auto_repair_fail_prob"": 0.4, ""auto_repair_time"": 120.0, ""bad_server_regen_interval"": 43200, ""bad_server_regeneration"": false, ""confidence_level"": 0.95, ""diagnosis_probability"": 1.0, ""diagnosis_uncertainty"": 0.0, ""enable_topology"": false, ""failure_distribution"": ""exponential"", ""host_selection_time"": 3.0, ""job_length"": 172800, ""job_size"": 4096, ""lognormal_sigma"": 1.0, ""manual_repair_fail_prob"": 0.2, ""manual_repair_time"": 2880.0, ""max_replications"": 500, ""num_replications"": 10, ""preemption_wait_time"": 20.0, ""prob_auto_to_manual"": 0.8, ""rack_size"": 8, ""random_failure_rate"": 6.944444e-06, ""recovery_time"": 20.0, ""relative_accuracy"": 0.05, ""seed"": 42, ""spare_pool_size"": 200, ""systematic_failure_fraction"": 0.15, ""systematic_failure_rate_multiplier"": 5.0, ""warm_standbys"": 16, ""weibull_shape"": 1.0, ""working_pool_size"": 4160}"
2255b8cb6e6728223798d8527425758ae673e429,job_length_sweep.py,job_length=120d,DefaultHostSelection(),NeverRemove(),46,4,4738.766666666656,0.6077530721777121,5562,4881,681,5562,4461,4241,1321,619,208,4735,0,0,11,22,0,0,620,125.88354430379746,3,125.26455696202531,790,18.09,"{""adaptive_replications"": true, ""auto_repair_fail_prob"": 0.4, ""auto_repair_time"": 120.0, ""bad_server_regen_interval"": 43200, ""bad_server_regeneration"": false, ""confidence_level"": 0.95, ""diagnosis_probability"": 1.0, ""diagnosis_uncertainty"": 0.0, ""enable_topology"": false, ""failure_distribution"": ""exponential"", ""host_selection_time"": 3.0, ""job_length"": 172800, ""job_size"": 4096, ""lognormal_sigma"": 1.0, ""manual_repair_fail_prob"": 0.2, ""manual_repair_time"": 2880.0, ""max_replications"": 500, ""num_replications"": 10, ""preemption_wait_time"": 20.0, ""prob_auto_to_manual"": 0.8, ""rack_size"": 8, ""random_failure_rate"": 6.944444e-06, ""recovery_time"": 20.0, ""relative_accuracy"": 0.05, ""seed"": 42, ""spare_pool_size"": 200, ""systematic_failure_fraction"": 0.15, ""systematic_failure_rate_multiplier"": 5.0, ""warm_standbys"": 16, ""weibull_shape"": 1.0, ""working_pool_size"": 4160}"
2255b8cb6e6728223798d8527425758ae673e429,job_length_sweep.py,job_length=120d,DefaultHostSelection(),NeverRemove(),44,2,4721.766666666664,0.6099411943269807,5508,4832,676,5508,4423,4216,1292,613,197,4698,0,0,14,22,0,0,619,123.13722998729352,6,122.37357052096569,787,19.84,"{""adaptive_replications"": true, ""auto_repair_fail_prob"": 0.4, ""auto_repair_time"": 120.0, ""bad_server_regen_interval"": 43200, ""bad_server_regeneration"": false, ""confidence_level"": 0.95, ""diagnosis_probability"": 1.0, ""diagnosis_uncertainty"": 0.0, ""enable_topology"": false, ""failure_distribution"": ""exponential"", ""host_selection_time"": 3.0, ""job_length"": 172800, ""job_size"": 4096, ""lognormal_sigma"": 1.0, ""manual_repair_fail_prob"": 0.2, ""manual_repair_time"": 2880.0, ""max_replications"": 500, ""num_replications"": 10, ""preemption_wait_time"": 20.0, ""prob_auto_to_manual"": 0.8, ""rack_size"": 8, ""random_failure_rate"": 6.944444e-06, ""recovery_time"": 20.0, ""relative_accuracy"": 0.05, ""seed"": 42, ""spare_pool_size"": 200, ""systematic_failure_fraction"": 0.15, ""systematic_failure_rate_multiplier"": 5.0, ""warm_standbys"": 16, ""weibull_shape"": 1.0, ""working_pool_size"": 4160}"
2255b8cb6e6728223798d8527425758ae673e429,job_length_sweep.py,job_length=120d,DefaultHostSelection(),NeverRemove(),48,6,4732.100000000001,0.6086092855180604,5541,4862,679,5541,4455,4209,1332,621,177,4743,0,0,12,22,0,0,622,125.74397972116603,3,125.07604562737643,789,14.21,"{""adaptive_replications"": true, ""auto_repair_fail_prob"": 0.4, ""auto_repair_time"": 120.0, ""bad_server_regen_interval"": 43200, ""bad_server_regeneration"": false, ""confidence_level"": 0.95, ""diagnosis_probability"": 1.0, ""diagnosis_uncertainty"": 0.0, ""enable_topology"": false, ""failure_distribution"": ""exponential"", ""host_selection_time"": 3.0, ""job_length"": 172800, ""job_size"": 4096, ""lognormal_sigma"": 1.0, ""manual_repair_fail_prob"": 0.2, ""manual_repair_time"": 2880.0, ""max_replications"": 500, ""num_replications"": 10, ""preemption_wait_time"": 20.0, ""prob_auto_to_manual"": 0.8, ""rack_size"": 8, ""random_failure_rate"": 6.944444e-06, ""recovery_time"": 20.0, ""relative_accuracy"": 0.05, ""seed"": 42, ""spare_pool_size"": 200, ""systematic_failure_fraction"": 0.15, ""systematic_failure_rate_multiplier"": 5.0, ""warm_standbys"": 16, ""weibull_shape"": 1.0, ""working_pool_size"": 4160}"
2255b8cb6e6728223798d8527425758ae673e429,job_length_sweep.py,job_length=120d,DefaultHostSelection(),NeverRemove(),45,3,4758.766666666678,0.6051988260263483,5623,4957,666,5623,4472,4339,1284,617,179,4827,0,0,10,22,0,0,618,121.18513853904282,1,120.67380352644837,794,20.67,"{""adaptive_replications"": true, ""auto_repair_fail_prob"": 0.4, ""auto_repair_time"": 120.0, ""bad_server_regen_interval"": 43200, ""bad_server_regeneration"": false, ""confidence_level"": 0.95, ""diagnosis_probability"": 1.0, ""diagnosis_uncertainty"": 0.0, ""enable_topology"": false, ""failure_distribution"": ""exponential"", ""host_selection_time"": 3.0, ""job_length"": 172800, ""job_size"": 4096, ""lognormal_sigma"": 1.0, ""manual_repair_fail_prob"": 0.2, ""manual_repair_time"": 2880.0, ""max_replications"": 500, ""num_replications"": 10, ""preemption_wait_time"": 20.0, ""prob_auto_to_manual"": 0.8, ""rack_size"": 8, ""random_failure_rate"": 6.944444e-06, ""recovery_time"": 20.0, ""relative_accuracy"": 0.05, ""seed"": 42, ""spare_pool_size"": 200, ""systematic_failure_fraction"": 0.15, ""systematic_failure_rate_multiplier"": 5.0, ""warm_standbys"": 16, ""weibull_shape"": 1.0, ""working_pool_size"": 4160}"
2255b8cb6e6728223798d8527425758ae673e429,job_length_sweep.py,job_length=120d,DefaultHostSelection(),NeverRemove(),49,7,4783.016666666672,0.6021304546293993,5693,5017,676,5693,4522,4391,1302,621,196,4876,0,0,12,27,0,0,623,124.48621553884712,5,123.5375939849624,798,20.54,"{""adaptive_replications"": true, ""auto_repair_fail_prob"": 0.4, ""auto_repair_time"": 120.0, ""bad_server_regen_interval"": 43200, ""bad_server_regeneration"": false, ""confidence_level"": 0.95, ""diagnosis_probability"": 1.0, ""diagnosis_uncertainty"": 0.0, ""enable_topology"": false, ""failure_distribution"": ""exponential"", ""host_selection_time"": 3.0, ""job_length"": 172800, ""job_size"": 4096, ""lognormal_sigma"": 1.0, ""manual_repair_fail_prob"": 0.2, ""manual_repair_time"": 2880.0, ""max_replications"": 500, ""num_replications"": 10, ""preemption_wait_time"": 20.0, ""prob_auto_to_manual"": 0.8, ""rack_size"": 8, ""random_failure_rate"": 6.944444e-06, ""recovery_time"": 20.0, ""relative_accuracy"": 0.05, ""seed"": 42, ""spare_pool_size"": 200, ""systematic_failure_fraction"": 0.15, ""systematic_failure_rate_multiplier"": 5.0, ""warm_standbys"": 16, ""weibull_shape"": 1.0, ""working_pool_size"": 4160}"
2255b8cb6e6728223798d8527425758ae673e429,job_length_sweep.py,job_length=120d,DefaultHostSelection(),NeverRemove(),51,9,4754.383333333319,0.6057567928543157,5608,4920,688,5608,4433,4273,1335,619,199,4790,0,0,12,21,0,0,620,126.72887767969735,3,125.89659520807062,793,15.66,"{""adaptive_replications"": true, ""auto_repair_fail_prob"": 0.4, ""auto_repair_time"": 120.0, ""bad_server_regen_interval"": 43200, ""bad_server_regeneration"": false, ""confidence_level"": 0.95, ""diagnosis_probability"": 1.0, ""diagnosis_uncertainty"": 0.0, ""enable_topology"": false, ""failure_distribution"": ""exponential"", ""host_selection_time"": 3.0, ""job_length"": 172800, ""job_size"": 4096, ""lognormal_sigma"": 1.0, ""manual_repair_fail_prob"": 0.2, ""manual_repair_time"": 2880.0, ""max_replications"": 500, ""num_replications"": 10, ""preemption_wait_time"": 20.0, ""prob_auto_to_manual"": 0.8, ""rack_size"": 8, ""random_failure_rate"": 6.944444e-06, ""recovery_time"": 20.0, ""relative_accuracy"": 0.05, ""seed"": 42, ""spare_pool_size"": 200, ""systematic_failure_fraction"": 0.15, ""systematic_failure_rate_multiplier"": 5.0, ""warm_standbys"": 16, ""weibull_shape"": 1.0, ""working_pool_size"": 4160}"
2255b8cb6e6728223798d8527425758ae673e429,job_length_sweep.py,job_length=120d,DefaultHostSelection(),NeverRemove(),50,8,4759.150000000004,0.6051500793208868,5611,4917,694,5611,4485,4252,1359,626,195,4790,0,0,23,23,0,0,625,126.23173803526448,2,125.43450881612091,794,19.57,"{""adaptive_replications"": true, ""auto_repair_fail_prob"": 0.4, ""auto_repair_time"": 120.0, ""bad_server_regen_interval"": 43200, ""bad_server_regeneration"": false, ""confidence_level"": 0.95, ""diagnosis_probability"": 1.0, ""diagnosis_uncertainty"": 0.0, ""enable_topology"": false, ""failure_distribution"": ""exponential"", ""host_selection_time"": 3.0, ""job_length"": 172800, ""job_size"": 4096, ""lognormal_sigma"": 1.0, ""manual_repair_fail_prob"": 0.2, ""manual_repair_time"": 2880.0, ""max_replications"": 500, ""num_replications"": 10, ""preemption_wait_time"": 20.0, ""prob_auto_to_manual"": 0.8, ""rack_size"": 8, ""random_failure_rate"": 6.944444e-06, ""recovery_time"": 20.0, ""relative_accuracy"": 0.05, ""seed"": 42, ""spare_pool_size"": 200, ""systematic_failure_fraction"": 0.15, ""systematic_failure_rate_multiplier"": 5.0, ""warm_standbys"": 16, ""weibull_shape"": 1.0, ""working_pool_size"": 4160}"
2255b8cb6e6728223798d8527425758ae673e429,job_length_sweep.py,job_length=256d,DefaultHostSelection(),NeverRemove(),42,0,9881.04999999999,0.6217962665910969,11191,10475,716,11191,8896,8480,2711,624,212,10355,0,0,14,41,0,0,622,63.58044930176078,0,63.287795992714024,1647,29.64,"{""adaptive_replications"": true, ""auto_repair_fail_prob"": 0.4, ""auto_repair_time"": 120.0, ""bad_server_regen_interval"": 43200, ""bad_server_regeneration"": false, ""confidence_level"": 0.95, ""diagnosis_probability"": 1.0, ""diagnosis_uncertainty"": 0.0, ""enable_topology"": false, ""failure_distribution"": ""exponential"", ""host_selection_time"": 3.0, ""job_length"": 368640, ""job_size"": 4096, ""lognormal_sigma"": 1.0, ""manual_repair_fail_prob"": 0.2, ""manual_repair_time"": 2880.0, ""max_replications"": 500, ""num_replications"": 10, ""preemption_wait_time"": 20.0, ""prob_auto_to_manual"": 0.8, ""rack_size"": 8, ""random_failure_rate"": 6.944444e-06, ""recovery_time"": 20.0, ""relative_accuracy"": 0.05, ""seed"": 42, ""spare_pool_size"": 200, ""systematic_failure_fraction"": 0.15, ""systematic_failure_rate_multiplier"": 5.0, ""warm_standbys"": 16, ""weibull_shape"": 1.0, ""working_pool_size"": 4160}"
2255b8cb6e6728223798d8527425758ae673e429,job_length_sweep.py,job_length=256d,DefaultHostSelection(),NeverRemove(),43,1,9877.616666666758,0.6220123950278125,11184,10510,674,11184,8883,8546,2638,625,188,10371,0,0,11,39,0,0,624,60.643594414086216,0,60.31390406800243,1647,31.47,"{""adaptive_replications"": true, ""auto_repair_fail_prob"": 0.4, ""auto_repair_time"": 120.0, ""bad_server_regen_interval"": 43200, ""bad_server_regeneration"": false, ""confidence_level"": 0.95, ""diagnosis_probability"": 1.0, ""diagnosis_uncertainty"": 0.0, ""enable_topology"": false, ""failure_distribution"": ""exponential"", ""host_selection_time"": 3.0, ""job_length"": 368640, ""job_size"": 4096, ""lognormal_sigma"": 1.0, ""manual_repair_fail_prob"": 0.2, ""manual_repair_time"": 2880.0, ""max_replications"": 500, ""num_replications"": 10, ""preemption_wait_time"": 20.0, ""prob_auto_to_manual"": 0.8, ""rack_size"": 8, ""random_failure_rate"": 6.944444e-06, ""recovery_time"": 20.0, ""relative_accuracy"": 0.05, ""seed"": 42, ""spare_pool_size"": 200, ""systematic_failure_fraction"": 0.15, ""systematic_failure_rate_multiplier"": 5.0, ""warm_standbys"": 16, ""weibull_shape"": 1.0, ""working_pool_size"": 4160}"
2255b8cb6e6728223798d8527425758ae673e429,job_length_sweep.py,job_length=256d,DefaultHostSelection(),NeverRemove(),45,3,9930.233333333328,0.6187165793351603,11343,10677,666,11343,9065,8765,2578,618,179,10546,0,0,10,38,0,0,618,58.13768115942029,0,57.89190821256039,1656,34.69,"{""adaptive_replications"": true, ""auto_repair_fail_prob"": 0.4, ""auto_repair_time"": 120.0, ""bad_server_regen_interval"": 43200, ""bad_server_regeneration"": false, ""confidence_level"": 0.95, ""diagnosis_probability"": 1.0, ""diagnosis_uncertainty"": 0.0, ""enable_topology"": false, ""failure_distribution"": ""exponential"", ""host_selection_time"": 3.0, ""job_length"": 368640, ""job_size"": 4096, ""lognormal_sigma"": 1.0, ""manual_repair_fail_prob"": 0.2, ""manual_repair_time"": 2880.0, ""max_replications"": 500, ""num_replications"": 10, ""preemption_wait_time"": 20.0, ""prob_auto_to_manual"": 0.8, ""rack_size"": 8, ""random_failure_rate"": 6.944444e-06, ""recovery_time"": 20.0, ""relative_accuracy"": 0.05, ""seed"": 42, ""spare_pool_size"": 200, ""systematic_failure_fraction"": 0.15, ""systematic_failure_rate_multiplier"": 5.0, ""warm_standbys"": 16, ""weibull_shape"": 1.0, ""working_pool_size"": 4160}"
2255b8cb6e6728223798d8527425758ae673e429,job_length_sweep.py,job_length=256d,DefaultHostSelection(),NeverRemove(),44,2,9810.91666666669,0.6262411769202678,10980,10298,682,10980,8799,8393,2587,619,199,10162,0,0,14,45,0,0,619,59.544009779951104,0,59.17542787286064,1636,42.08,"{""adaptive_replications"": true, ""auto_repair_fail_prob"": 0.4, ""auto_repair_time"": 120.0, ""bad_server_regen_interval"": 43200, ""bad_server_regeneration"": false, ""confidence_level"": 0.95, ""diagnosis_probability"": 1.0, ""diagnosis_uncertainty"": 0.0, ""enable_topology"": false, ""failure_distribution"": ""exponential"", ""host_selection_time"": 3.0, ""job_length"": 368640, ""job_size"": 4096, ""lognormal_sigma"": 1.0, ""manual_repair_fail_prob"": 0.2, ""manual_repair_time"": 2880.0, ""max_replications"": 500, ""num_replications"": 10, ""preemption_wait_time"": 20.0, ""prob_auto_to_manual"": 0.8, ""rack_size"": 8, ""random_failure_rate"": 6.944444e-06, ""recovery_time"": 20.0, ""relative_accuracy"": 0.05, ""seed"": 42, ""spare_pool_size"": 200, ""systematic_failure_fraction"": 0.15, ""systematic_failure_rate_multiplier"": 5.0, ""warm_standbys"": 16, ""weibull_shape"": 1.0, ""working_pool_size"": 4160}"
2255b8cb6e6728223798d8527425758ae673e429,job_length_sweep.py,job_length=256d,DefaultHostSelection(),NeverRemove(),48,6,9835.916666666622,0.6246494564987171,11057,10375,682,11057,8911,8409,2648,624,177,10256,0,0,12,45,0,0,622,60.83170731707317,0,60.510365853658534,1640,28.81,"{""adaptive_replications"": true, ""auto_repair_fail_prob"": 0.4, ""auto_repair_time"": 120.0, ""bad_server_regen_interval"": 43200, ""bad_server_regeneration"": false, ""confidence_level"": 0.95, ""diagnosis_probability"": 1.0, ""diagnosis_uncertainty"": 0.0, ""enable_topology"": false, ""failure_distribution"": ""exponential"", ""host_selection_time"": 3.0, ""job_length"": 368640, ""job_size"": 4096, ""lognormal_sigma"": 1.0, ""manual_repair_fail_prob"": 0.2, ""manual_repair_time"": 2880.0, ""max_replications"": 500, ""num_replications"": 10, ""preemption_wait_time"": 20.0, ""prob_auto_to_manual"": 0.8, ""rack_size"": 8, ""random_failure_rate"": 6.944444e-06, ""recovery_time"": 20.0, ""relative_accuracy"": 0.05, ""seed"": 42, ""spare_pool_size"": 200, ""systematic_failure_fraction"": 0.15, ""systematic_failure_rate_multiplier"": 5.0, ""warm_standbys"": 16, ""weibull_shape"": 1.0, ""working_pool_size"": 4160}"
2255b8cb6e6728223798d8527425758ae673e429,job_length_sweep.py,job_length=256d,DefaultHostSelection(),NeverRemove(),46,4,9893.666666666708,0.6210033354671368,11232,10548,684,11232,9015,8561,2671,622,209,10401,0,0,11,40,0,0,620,60.847180109157065,0,60.548817465130384,1649,42.8,"{""adaptive_replications"": true, ""auto_repair_fail_prob"": 0.4, ""auto_repair_time"": 120.0, ""bad_server_regen_interval"": 43200, ""bad_server_regeneration"": false, ""confidence_level"": 0.95, ""diagnosis_probability"": 1.0, ""diagnosis_uncertainty"": 0.0, ""enable_topology"": false, ""failure_distribution"": ""exponential"", ""host_selection_time"": 3.0, ""job_length"": 368640, ""job_size"": 4096, ""lognormal_sigma"": 1.0, ""manual_repair_fail_prob"": 0.2, ""manual_repair_time"": 2880.0, ""max_replications"": 500, ""num_replications"": 10, ""preemption_wait_time"": 20.0, ""prob_auto_to_manual"": 0.8, ""rack_size"": 8, ""random_failure_rate"": 6.944444e-06, ""recovery_time"": 20.0, ""relative_accuracy"": 0.05, ""seed"": 42, ""spare_pool_size"": 200, ""systematic_failure_fraction"": 0.15, ""systematic_failure_rate_multiplier"": 5.0, ""warm_standbys"": 16, ""weibull_shape"": 1.0, ""working_pool_size"": 4160}"
2255b8cb6e6728223798d8527425758ae673e429,job_length_sweep.py,job_length=256d,DefaultHostSelection(),NeverRemove(),47,5,9841.483333333337,0.6242961342209568,11075,10418,657,11075,8905,8504,2571,623,165,10287,0,0,11,43,0,0,622,57.855575868372945,0,57.52650822669104,1641,35.59,"{""adaptive_replications"": true, ""auto_repair_fail_prob"": 0.4, ""auto_repair_time"": 120.0, ""bad_server_regen_interval"": 43200, ""bad_server_regeneration"": false, ""confidence_level"": 0.95, ""diagnosis_probability"": 1.0, ""diagnosis_uncertainty"": 0.0, ""enable_topology"": false, ""failure_distribution"": ""exponential"", ""host_selection_time"": 3.0, ""job_length"": 368640, ""job_size"": 4096, ""lognormal_sigma"": 1.0, ""manual_repair_fail_prob"": 0.2, ""manual_repair_time"": 2880.0, ""max_replications"": 500, ""num_replications"": 10, ""preemption_wait_time"": 20.0, ""prob_auto_to_manual"": 0.8, ""rack_size"": 8, ""random_failure_rate"": 6.944444e-06, ""recovery_time"": 20.0, ""relative_accuracy"": 0.05, ""seed"": 42, ""spare_pool_size"": 200, ""systematic_failure_fraction"": 0.15, ""systematic_failure_rate_multiplier"": 5.0, ""warm_standbys"": 16, ""weibull_shape"": 1.0, ""working_pool_size"": 4160}"
2255b8cb6e6728223798d8527425758ae673e429,job_length_sweep.py,job_length=256d,DefaultHostSelection(),NeverRemove(),49,7,9928.633333333333,0.6188162855579284,11335,10654,681,11335,9021,8677,2658,626,197,10512,0,0,12,46,0,0,623,60.31963746223565,0,59.860422960725074,1655,30.45,"{""adaptive_replications"": true, ""auto_repair_fail_prob"": 0.4, ""auto_repair_time"": 120.0, ""bad_server_regen_interval"": 43200, ""bad_server_regeneration"": false, ""confidence_level"": 0.95, ""diagnosis_probability"": 1.0, ""diagnosis_uncertainty"": 0.0, ""enable_topology"": false, ""failure_distribution"": ""exponential"", ""host_selection_time"": 3.0, ""job_length"": 368640, ""job_size"": 4096, ""lognormal_sigma"": 1.0, ""manual_repair_fail_prob"": 0.2, ""manual_repair_time"": 2880.0, ""max_replications"": 500, ""num_replications"": 10, ""preemption_wait_time"": 20.0, ""prob_auto_to_manual"": 0.8, ""rack_size"": 8, ""random_failure_rate"": 6.944444e-06, ""recovery_time"": 20.0, ""relative_accuracy"": 0.05, ""seed"": 42, ""spare_pool_size"": 200, ""systematic_failure_fraction"": 0.15, ""systematic_failure_rate_multiplier"": 5.0, ""warm_standbys"": 16, ""weibull_shape"": 1.0, ""working_pool_size"": 4160}"
2255b8cb6e6728223798d8527425758ae673e429,job_length_sweep.py,job_length=256d,DefaultHostSelection(),NeverRemove(),50,8,9902.433333333316,0.6204535585529506,11246,10549,697,11246,9010,8535,2711,628,196,10422,0,0,23,42,0,0,625,61.01514233797698,0,60.63113264688068,1651,24.29,"{""adaptive_replications"": true, ""auto_repair_fail_prob"": 0.4, ""auto_repair_time"": 120.0, ""bad_server_regen_interval"": 43200, ""bad_server_regeneration"": false, ""confidence_level"": 0.95, ""diagnosis_probability"": 1.0, ""diagnosis_uncertainty"": 0.0, ""enable_topology"": false, ""failure_distribution"": ""exponential"", ""host_selection_time"": 3.0, ""job_length"": 368640, ""job_size"": 4096, ""lognormal_sigma"": 1.0, ""manual_repair_fail_prob"": 0.2, ""manual_repair_time"": 2880.0, ""max_replications"": 500, ""num_replications"": 10, ""preemption_wait_time"": 20.0, ""prob_auto_to_manual"": 0.8, ""rack_size"": 8, ""random_failure_rate"": 6.944444e-06, ""recovery_time"": 20.0, ""relative_accuracy"": 0.05, ""seed"": 42, ""spare_pool_size"": 200, ""systematic_failure_fraction"": 0.15, ""systematic_failure_rate_multiplier"": 5.0, ""warm_standbys"": 16, ""weibull_shape"": 1.0, ""working_pool_size"": 4160}"
2255b8cb6e6728223798d8527425758ae673e429,job_length_sweep.py,job_length=256d,DefaultHostSelection(),NeverRemove(),51,9,9865.949999999992,0.6227479360831991,11148,10458,690,11148,8872,8472,2676,622,202,10324,0,0,12,39,0,0,620,61.30881458966565,0,60.90516717325228,1645,23.4,"{""adaptive_replications"": true, ""auto_repair_fail_prob"": 0.4, ""auto_repair_time"": 120.0, ""bad_server_regen_interval"": 43200, ""bad_server_regeneration"": false, ""confidence_level"": 0.95, ""diagnosis_probability"": 1.0, ""diagnosis_uncertainty"": 0.0, ""enable_topology"": false, ""failure_distribution"": ""exponential"", ""host_selection_time"": 3.0, ""job_length"": 368640, ""job_size"": 4096, ""lognormal_sigma"": 1.0, ""manual_repair_fail_prob"": 0.2, ""manual_repair_time"": 2880.0, ""max_replications"": 500, ""num_replications"": 10, ""preemption_wait_time"": 20.0, ""prob_auto_to_manual"": 0.8, ""rack_size"": 8, ""random_failure_rate"": 6.944444e-06, ""recovery_time"": 20.0, ""relative_accuracy"": 0.05, ""seed"": 42, ""spare_pool_size"": 200, ""systematic_failure_fraction"": 0.15, ""systematic_failure_rate_multiplier"": 5.0, ""warm_standbys"": 16, ""weibull_shape"": 1.0, ""working_pool_size"": 4160}"
