section,x,policy,n_reps,mean_time_hrs,stdev_time_hrs,mean_retired,stdev_retired,depleted_frac
head_to_head,,NeverRemove,15,2394.7633333333333,48.907049107268904,0.0,0.0,0.0
head_to_head,,Thresh ≥5/7d,15,2394.7633333333333,48.907049107268904,0.0,0.0,0.0
head_to_head,,Thresh ≥3/7d,15,2388.236666666667,47.42780779649253,4.4,2.667261838343906,0.0
head_to_head,,Thresh ≥2/7d,15,2319.123333333333,53.57110050693333,106.2,10.63820607863133,0.0
head_to_head,,Thresh ≥1/7d,15,1006.2234491229664,79.54448862403225,699.1333333333333,5.680375574437544,1.0
head_to_head,,SC_fast,15,2077.716666666667,30.17512378165357,389.6,11.318758134808151,0.0
head_to_head,,SC_moderate,15,2077.716666666667,30.17512378165357,389.6,11.318758134808151,0.0
head_to_head,,SC_long_period,15,2077.716666666667,30.17512378165357,389.6,11.318758134808151,0.0
head_to_head,,SC_calibrated,15,2232.326666666665,55.57120228867941,187.66666666666666,8.837151016885368,0.0
multiplier,5,NeverRemove,15,1854.7733333333324,44.79189525966022,0.0,0.0,0.0
multiplier,10,NeverRemove,15,2093.0533333333333,43.73820439626602,0.0,0.0,0.0
multiplier,15,NeverRemove,15,2276.7366666666667,60.77812831070352,0.0,0.0,0.0
multiplier,20,NeverRemove,15,2394.7633333333333,48.907049107268904,0.0,0.0,0.0
multiplier,25,NeverRemove,15,2465.96,55.87802149069339,0.0,0.0,0.0
multiplier,30,NeverRemove,15,2551.7766666666657,54.74313024959303,0.0,0.0,0.0
multiplier,5,Thresh ≥3/7d,15,1862.3799999999992,35.098482873195614,0.2,0.4140393356054125,0.0
multiplier,10,Thresh ≥3/7d,15,2079.9199999999996,47.20765600741404,1.6,0.828078671210825,0.0
multiplier,15,Thresh ≥3/7d,15,2272.1533333333336,37.437187712347495,2.8,1.52127765851133,0.0
multiplier,20,Thresh ≥3/7d,15,2388.236666666667,47.42780779649253,4.4,2.667261838343906,0.0
multiplier,25,Thresh ≥3/7d,15,2469.1666666666665,36.20610478647804,6.6,2.6403462976338106,0.0
multiplier,30,Thresh ≥3/7d,15,2537.539999999999,65.58901584869089,9.4,3.3551665915633544,0.0
multiplier,5,Thresh ≥2/7d,15,1849.0699999999997,32.33704642400927,33.86666666666667,5.040786030920556,0.0
multiplier,10,Thresh ≥2/7d,15,2071.1033333333326,47.44685924675082,58.06666666666667,5.470265946351194,0.0
multiplier,15,Thresh ≥2/7d,15,2231.99,47.55293366344453,82.33333333333333,9.611501047232549,0.0
multiplier,20,Thresh ≥2/7d,15,2319.123333333333,53.57110050693333,106.2,10.63820607863133,0.0
multiplier,25,Thresh ≥2/7d,15,2347.6166666666663,40.73674046618781,117.06666666666666,7.333549780355512,0.0
multiplier,30,Thresh ≥2/7d,15,2370.006666666667,50.430981360196355,129.0,7.755182598937123,0.0
multiplier,5,SC_fast,15,1818.6066666666668,36.25303862469767,237.06666666666666,14.78158442438557,0.0
multiplier,10,SC_fast,15,1988.8999999999996,34.67618573520999,338.1333333333333,13.68454115659954,0.0
multiplier,15,SC_fast,15,2025.78,21.541801556177294,370.73333333333335,12.875595224336324,0.0
multiplier,20,SC_fast,15,2077.716666666667,30.17512378165357,389.6,11.318758134808151,0.0
multiplier,25,SC_fast,15,2099.31,26.629650499289422,400.4,11.61772045503887,0.0
multiplier,30,SC_fast,15,2082.8266666666664,30.543902049033488,398.6,8.024961059095551,0.0
multiplier,5,SC_moderate,15,1818.6066666666668,36.25303862469767,237.06666666666666,14.78158442438557,0.0
multiplier,10,SC_moderate,15,1988.8999999999996,34.67618573520999,338.1333333333333,13.68454115659954,0.0
multiplier,15,SC_moderate,15,2025.78,21.541801556177294,370.73333333333335,12.875595224336324,0.0
multiplier,20,SC_moderate,15,2077.716666666667,30.17512378165357,389.6,11.318758134808151,0.0
multiplier,25,SC_moderate,15,2099.31,26.629650499289422,400.4,11.61772045503887,0.0
multiplier,30,SC_moderate,15,2082.8266666666664,30.543902049033488,398.6,8.024961059095551,0.0
multiplier,5,SC_long_period,15,1818.6066666666668,36.25303862469767,237.06666666666666,14.78158442438557,0.0
multiplier,10,SC_long_period,15,1988.8999999999996,34.67618573520999,338.1333333333333,13.68454115659954,0.0
multiplier,15,SC_long_period,15,2025.78,21.541801556177294,370.73333333333335,12.875595224336324,0.0
multiplier,20,SC_long_period,15,2077.716666666667,30.17512378165357,389.6,11.318758134808151,0.0
multiplier,25,SC_long_period,15,2099.31,26.629650499289422,400.4,11.61772045503887,0.0
multiplier,30,SC_long_period,15,2082.8266666666664,30.543902049033488,398.6,8.024961059095551,0.0
multiplier,5,SC_calibrated,15,1856.1033333333337,35.24665874066587,45.06666666666667,5.188815811320491,0.0
multiplier,10,SC_calibrated,15,2046.2500000000007,29.88835774296545,106.4,5.193402408000806,0.0
multiplier,15,SC_calibrated,15,2179.773333333332,46.49043629249736,161.06666666666666,12.504094567475926,0.0
multiplier,20,SC_calibrated,15,2232.326666666665,55.57120228867941,187.66666666666666,8.837151016885368,0.0
multiplier,25,SC_calibrated,15,2253.6266666666666,41.220846263349436,197.8,6.04979338490167,0.0
multiplier,30,SC_calibrated,15,2274.3566666666666,33.87298684933594,208.8,9.143303560529969,0.0
manual_repair_fail_prob,0.2,NeverRemove,15,1953.8999999999999,40.94293502634446,0.0,0.0,0.0
manual_repair_fail_prob,0.4,NeverRemove,15,2060.173333333334,53.182233427913765,0.0,0.0,0.0
manual_repair_fail_prob,0.6,NeverRemove,15,2231.22,48.529018564743716,0.0,0.0,0.0
manual_repair_fail_prob,0.75,NeverRemove,15,2394.7633333333333,48.907049107268904,0.0,0.0,0.0
manual_repair_fail_prob,0.9,NeverRemove,15,2612.2566666666667,40.803933925659955,0.0,0.0,0.0
manual_repair_fail_prob,0.2,Thresh ≥3/7d,15,1952.7033333333334,41.91998954925354,0.6,0.828078671210825,0.0
manual_repair_fail_prob,0.4,Thresh ≥3/7d,15,2063.3966666666665,32.18685105679695,2.0,1.6903085094570331,0.0
manual_repair_fail_prob,0.6,Thresh ≥3/7d,15,2235.2400000000007,37.02738947628553,2.6,1.5946338585572373,0.0
manual_repair_fail_prob,0.75,Thresh ≥3/7d,15,2388.236666666667,47.42780779649253,4.4,2.667261838343906,0.0
manual_repair_fail_prob,0.9,Thresh ≥3/7d,15,2616.7999999999984,72.7964530140626,6.733333333333333,2.491891612715892,0.0
manual_repair_fail_prob,0.2,Thresh ≥2/7d,15,1951.4999999999995,31.581193544802147,39.93333333333333,7.284687135812125,0.0
manual_repair_fail_prob,0.4,Thresh ≥2/7d,15,2036.4933333333324,42.15518467802171,58.666666666666664,6.172133998483677,0.0
manual_repair_fail_prob,0.6,Thresh ≥2/7d,15,2162.62,31.057250131238188,79.0,8.76682056718072,0.0
manual_repair_fail_prob,0.75,Thresh ≥2/7d,15,2319.123333333333,53.57110050693333,106.2,10.63820607863133,0.0
manual_repair_fail_prob,0.9,Thresh ≥2/7d,15,2485.8,49.394837786959805,127.13333333333334,12.281616149273484,0.0
manual_repair_fail_prob,0.2,SC_fast,15,1909.9999999999995,20.764358199294943,255.0,10.810048235652923,0.0
manual_repair_fail_prob,0.4,SC_fast,15,1988.2333333333331,30.582713760429737,310.0,14.890073395194724,0.0
manual_repair_fail_prob,0.6,SC_fast,15,2030.7033333333318,31.710399751201134,354.06666666666666,10.463997233143656,0.0
manual_repair_fail_prob,0.75,SC_fast,15,2077.716666666667,30.17512378165357,389.6,11.318758134808151,0.0
manual_repair_fail_prob,0.9,SC_fast,15,2108.9233333333345,46.32027428161376,429.53333333333336,15.032662850638019,0.0
manual_repair_fail_prob,0.2,SC_moderate,15,1909.9999999999995,20.764358199294943,255.0,10.810048235652923,0.0
manual_repair_fail_prob,0.4,SC_moderate,15,1988.2333333333331,30.582713760429737,310.0,14.890073395194724,0.0
manual_repair_fail_prob,0.6,SC_moderate,15,2030.7033333333318,31.710399751201134,354.06666666666666,10.463997233143656,0.0
manual_repair_fail_prob,0.75,SC_moderate,15,2077.716666666667,30.17512378165357,389.6,11.318758134808151,0.0
manual_repair_fail_prob,0.9,SC_moderate,15,2108.9233333333345,46.32027428161376,429.53333333333336,15.032662850638019,0.0
manual_repair_fail_prob,0.2,SC_long_period,15,1909.9999999999995,20.764358199294943,255.0,10.810048235652923,0.0
manual_repair_fail_prob,0.4,SC_long_period,15,1988.2333333333331,30.582713760429737,310.0,14.890073395194724,0.0
manual_repair_fail_prob,0.6,SC_long_period,15,2030.7033333333318,31.710399751201134,354.06666666666666,10.463997233143656,0.0
manual_repair_fail_prob,0.75,SC_long_period,15,2077.716666666667,30.17512378165357,389.6,11.318758134808151,0.0
manual_repair_fail_prob,0.9,SC_long_period,15,2108.9233333333345,46.32027428161376,429.53333333333336,15.032662850638019,0.0
manual_repair_fail_prob,0.2,SC_calibrated,15,1946.6966666666658,30.202687124225346,47.06666666666667,7.4590948001815365,0.0
manual_repair_fail_prob,0.4,SC_calibrated,15,2037.733333333333,38.527029781823806,84.06666666666666,6.485882103975269,0.0
manual_repair_fail_prob,0.6,SC_calibrated,15,2163.596666666666,39.41771930538365,138.73333333333332,10.388638482679506,0.0
manual_repair_fail_prob,0.75,SC_calibrated,15,2232.326666666665,55.57120228867941,187.66666666666666,8.837151016885368,0.0
manual_repair_fail_prob,0.9,SC_calibrated,15,2340.436666666665,33.36619582465898,245.6,12.894073943371927,0.0
