git_commit,seed,rep,training_time_hrs,etr,total_failures,random_failures,systematic_failures,auto_repairs,manual_repairs,successful_repairs,failed_repairs,servers_retired,preemption_count,host_selection_count,job_stall_count,cluster_depleted,compute_hrs,recovery_hrs,host_selection_hrs,wait_hrs,avg_run_duration_mins,converged,params_json
0cab8fbdf454051a868a13743d1790b4ca4a1673,42,0,9881.04999999999,0.6217962665910969,11191,10475,716,11191,8896,8480,2711,0,14,41,0,0,6143.999999999952,3730.3333333333335,2.05,4.666666666666667,32.93744800120909,1,"{""adaptive_replications"": true, ""auto_repair_fail_prob"": 0.4, ""auto_repair_time"": 120.0, ""bad_server_regen_interval"": 43200, ""bad_server_regeneration"": false, ""confidence_level"": 0.95, ""diagnosis_probability"": 1.0, ""diagnosis_uncertainty"": 0.0, ""enable_topology"": false, ""failure_distribution"": ""exponential"", ""host_selection_time"": 3.0, ""job_length"": 368640, ""job_size"": 4096, ""lognormal_sigma"": 1.0, ""manual_repair_fail_prob"": 0.2, ""manual_repair_time"": 2880.0, ""max_replications"": 500, ""num_replications"": 30, ""preemption_wait_time"": 20.0, ""prob_auto_to_manual"": 0.8, ""rack_size"": 8, ""random_failure_rate"": 6.944444e-06, ""recovery_time"": 20.0, ""relative_accuracy"": 0.05, ""seed"": 42, ""spare_pool_size"": 200, ""systematic_failure_fraction"": 0.15, ""systematic_failure_rate_multiplier"": 5.0, ""warm_standbys"": 16, ""weibull_shape"": 1.0, ""working_pool_size"": 4160}"
0cab8fbdf454051a868a13743d1790b4ca4a1673,43,1,9877.616666666758,0.6220123950278125,11184,10510,674,11184,8883,8546,2638,0,11,39,0,0,6144.000000000027,3728.0,1.95,3.6666666666666665,32.96117154804545,1,"{""adaptive_replications"": true, ""auto_repair_fail_prob"": 0.4, ""auto_repair_time"": 120.0, ""bad_server_regen_interval"": 43200, ""bad_server_regeneration"": false, ""confidence_level"": 0.95, ""diagnosis_probability"": 1.0, ""diagnosis_uncertainty"": 0.0, ""enable_topology"": false, ""failure_distribution"": ""exponential"", ""host_selection_time"": 3.0, ""job_length"": 368640, ""job_size"": 4096, ""lognormal_sigma"": 1.0, ""manual_repair_fail_prob"": 0.2, ""manual_repair_time"": 2880.0, ""max_replications"": 500, ""num_replications"": 30, ""preemption_wait_time"": 20.0, ""prob_auto_to_manual"": 0.8, ""rack_size"": 8, ""random_failure_rate"": 6.944444e-06, ""recovery_time"": 20.0, ""relative_accuracy"": 0.05, ""seed"": 42, ""spare_pool_size"": 200, ""systematic_failure_fraction"": 0.15, ""systematic_failure_rate_multiplier"": 5.0, ""warm_standbys"": 16, ""weibull_shape"": 1.0, ""working_pool_size"": 4160}"
0cab8fbdf454051a868a13743d1790b4ca4a1673,44,2,9810.91666666669,0.6262411769202678,10980,10298,682,10980,8799,8393,2587,0,14,45,0,0,6144.000000000018,3660.0,2.25,4.666666666666667,33.57278524566965,1,"{""adaptive_replications"": true, ""auto_repair_fail_prob"": 0.4, ""auto_repair_time"": 120.0, ""bad_server_regen_interval"": 43200, ""bad_server_regeneration"": false, ""confidence_level"": 0.95, ""diagnosis_probability"": 1.0, ""diagnosis_uncertainty"": 0.0, ""enable_topology"": false, ""failure_distribution"": ""exponential"", ""host_selection_time"": 3.0, ""job_length"": 368640, ""job_size"": 4096, ""lognormal_sigma"": 1.0, ""manual_repair_fail_prob"": 0.2, ""manual_repair_time"": 2880.0, ""max_replications"": 500, ""num_replications"": 30, ""preemption_wait_time"": 20.0, ""prob_auto_to_manual"": 0.8, ""rack_size"": 8, ""random_failure_rate"": 6.944444e-06, ""recovery_time"": 20.0, ""relative_accuracy"": 0.05, ""seed"": 42, ""spare_pool_size"": 200, ""systematic_failure_fraction"": 0.15, ""systematic_failure_rate_multiplier"": 5.0, ""warm_standbys"": 16, ""weibull_shape"": 1.0, ""working_pool_size"": 4160}"
0cab8fbdf454051a868a13743d1790b4ca4a1673,45,3,9930.233333333328,0.6187165793351603,11343,10677,666,11343,9065,8765,2578,0,10,38,0,0,6143.999999999984,3781.0,1.9,3.3333333333333335,32.495418016710666,1,"{""adaptive_replications"": true, ""auto_repair_fail_prob"": 0.4, ""auto_repair_time"": 120.0, ""bad_server_regen_interval"": 43200, ""bad_server_regeneration"": false, ""confidence_level"": 0.95, ""diagnosis_probability"": 1.0, ""diagnosis_uncertainty"": 0.0, ""enable_topology"": false, ""failure_distribution"": ""exponential"", ""host_selection_time"": 3.0, ""job_length"": 368640, ""job_size"": 4096, ""lognormal_sigma"": 1.0, ""manual_repair_fail_prob"": 0.2, ""manual_repair_time"": 2880.0, ""max_replications"": 500, ""num_replications"": 30, ""preemption_wait_time"": 20.0, ""prob_auto_to_manual"": 0.8, ""rack_size"": 8, ""random_failure_rate"": 6.944444e-06, ""recovery_time"": 20.0, ""relative_accuracy"": 0.05, ""seed"": 42, ""spare_pool_size"": 200, ""systematic_failure_fraction"": 0.15, ""systematic_failure_rate_multiplier"": 5.0, ""warm_standbys"": 16, ""weibull_shape"": 1.0, ""working_pool_size"": 4160}"
0cab8fbdf454051a868a13743d1790b4ca4a1673,46,4,9893.666666666708,0.6210033354671368,11232,10548,684,11232,9015,8561,2671,0,11,40,0,0,6144.000000000055,3744.0,2.0,3.6666666666666665,32.81893664333367,1,"{""adaptive_replications"": true, ""auto_repair_fail_prob"": 0.4, ""auto_repair_time"": 120.0, ""bad_server_regen_interval"": 43200, ""bad_server_regeneration"": false, ""confidence_level"": 0.95, ""diagnosis_probability"": 1.0, ""diagnosis_uncertainty"": 0.0, ""enable_topology"": false, ""failure_distribution"": ""exponential"", ""host_selection_time"": 3.0, ""job_length"": 368640, ""job_size"": 4096, ""lognormal_sigma"": 1.0, ""manual_repair_fail_prob"": 0.2, ""manual_repair_time"": 2880.0, ""max_replications"": 500, ""num_replications"": 30, ""preemption_wait_time"": 20.0, ""prob_auto_to_manual"": 0.8, ""rack_size"": 8, ""random_failure_rate"": 6.944444e-06, ""recovery_time"": 20.0, ""relative_accuracy"": 0.05, ""seed"": 42, ""spare_pool_size"": 200, ""systematic_failure_fraction"": 0.15, ""systematic_failure_rate_multiplier"": 5.0, ""warm_standbys"": 16, ""weibull_shape"": 1.0, ""working_pool_size"": 4160}"
0cab8fbdf454051a868a13743d1790b4ca4a1673,47,5,9841.483333333337,0.6242961342209568,11075,10418,657,11075,8905,8504,2571,0,11,43,0,0,6143.999999999977,3691.6666666666665,2.15,3.6666666666666665,33.28479520140694,1,"{""adaptive_replications"": true, ""auto_repair_fail_prob"": 0.4, ""auto_repair_time"": 120.0, ""bad_server_regen_interval"": 43200, ""bad_server_regeneration"": false, ""confidence_level"": 0.95, ""diagnosis_probability"": 1.0, ""diagnosis_uncertainty"": 0.0, ""enable_topology"": false, ""failure_distribution"": ""exponential"", ""host_selection_time"": 3.0, ""job_length"": 368640, ""job_size"": 4096, ""lognormal_sigma"": 1.0, ""manual_repair_fail_prob"": 0.2, ""manual_repair_time"": 2880.0, ""max_replications"": 500, ""num_replications"": 30, ""preemption_wait_time"": 20.0, ""prob_auto_to_manual"": 0.8, ""rack_size"": 8, ""random_failure_rate"": 6.944444e-06, ""recovery_time"": 20.0, ""relative_accuracy"": 0.05, ""seed"": 42, ""spare_pool_size"": 200, ""systematic_failure_fraction"": 0.15, ""systematic_failure_rate_multiplier"": 5.0, ""warm_standbys"": 16, ""weibull_shape"": 1.0, ""working_pool_size"": 4160}"
0cab8fbdf454051a868a13743d1790b4ca4a1673,48,6,9835.916666666622,0.6246494564987171,11057,10375,682,11057,8911,8409,2648,0,12,45,0,0,6143.999999999977,3685.6666666666665,2.25,4.0,33.33926867815365,1,"{""adaptive_replications"": true, ""auto_repair_fail_prob"": 0.4, ""auto_repair_time"": 120.0, ""bad_server_regen_interval"": 43200, ""bad_server_regeneration"": false, ""confidence_level"": 0.95, ""diagnosis_probability"": 1.0, ""diagnosis_uncertainty"": 0.0, ""enable_topology"": false, ""failure_distribution"": ""exponential"", ""host_selection_time"": 3.0, ""job_length"": 368640, ""job_size"": 4096, ""lognormal_sigma"": 1.0, ""manual_repair_fail_prob"": 0.2, ""manual_repair_time"": 2880.0, ""max_replications"": 500, ""num_replications"": 30, ""preemption_wait_time"": 20.0, ""prob_auto_to_manual"": 0.8, ""rack_size"": 8, ""random_failure_rate"": 6.944444e-06, ""recovery_time"": 20.0, ""relative_accuracy"": 0.05, ""seed"": 42, ""spare_pool_size"": 200, ""systematic_failure_fraction"": 0.15, ""systematic_failure_rate_multiplier"": 5.0, ""warm_standbys"": 16, ""weibull_shape"": 1.0, ""working_pool_size"": 4160}"
0cab8fbdf454051a868a13743d1790b4ca4a1673,49,7,9928.633333333333,0.6188162855579284,11335,10654,681,11335,9021,8677,2658,0,12,46,0,0,6143.999999999967,3778.3333333333335,2.3,4.0,32.52105196259482,1,"{""adaptive_replications"": true, ""auto_repair_fail_prob"": 0.4, ""auto_repair_time"": 120.0, ""bad_server_regen_interval"": 43200, ""bad_server_regeneration"": false, ""confidence_level"": 0.95, ""diagnosis_probability"": 1.0, ""diagnosis_uncertainty"": 0.0, ""enable_topology"": false, ""failure_distribution"": ""exponential"", ""host_selection_time"": 3.0, ""job_length"": 368640, ""job_size"": 4096, ""lognormal_sigma"": 1.0, ""manual_repair_fail_prob"": 0.2, ""manual_repair_time"": 2880.0, ""max_replications"": 500, ""num_replications"": 30, ""preemption_wait_time"": 20.0, ""prob_auto_to_manual"": 0.8, ""rack_size"": 8, ""random_failure_rate"": 6.944444e-06, ""recovery_time"": 20.0, ""relative_accuracy"": 0.05, ""seed"": 42, ""spare_pool_size"": 200, ""systematic_failure_fraction"": 0.15, ""systematic_failure_rate_multiplier"": 5.0, ""warm_standbys"": 16, ""weibull_shape"": 1.0, ""working_pool_size"": 4160}"
0cab8fbdf454051a868a13743d1790b4ca4a1673,50,8,9902.433333333316,0.6204535585529506,11246,10549,697,11246,9010,8535,2711,0,23,42,0,0,6144.000000000013,3748.6666666666665,2.1,7.666666666666667,32.77891974684884,1,"{""adaptive_replications"": true, ""auto_repair_fail_prob"": 0.4, ""auto_repair_time"": 120.0, ""bad_server_regen_interval"": 43200, ""bad_server_regeneration"": false, ""confidence_level"": 0.95, ""diagnosis_probability"": 1.0, ""diagnosis_uncertainty"": 0.0, ""enable_topology"": false, ""failure_distribution"": ""exponential"", ""host_selection_time"": 3.0, ""job_length"": 368640, ""job_size"": 4096, ""lognormal_sigma"": 1.0, ""manual_repair_fail_prob"": 0.2, ""manual_repair_time"": 2880.0, ""max_replications"": 500, ""num_replications"": 30, ""preemption_wait_time"": 20.0, ""prob_auto_to_manual"": 0.8, ""rack_size"": 8, ""random_failure_rate"": 6.944444e-06, ""recovery_time"": 20.0, ""relative_accuracy"": 0.05, ""seed"": 42, ""spare_pool_size"": 200, ""systematic_failure_fraction"": 0.15, ""systematic_failure_rate_multiplier"": 5.0, ""warm_standbys"": 16, ""weibull_shape"": 1.0, ""working_pool_size"": 4160}"
0cab8fbdf454051a868a13743d1790b4ca4a1673,51,9,9865.949999999992,0.6227479360831991,11148,10458,690,11148,8872,8472,2676,0,12,39,0,0,6144.000000000034,3716.0,1.95,4.0,33.065195908006125,1,"{""adaptive_replications"": true, ""auto_repair_fail_prob"": 0.4, ""auto_repair_time"": 120.0, ""bad_server_regen_interval"": 43200, ""bad_server_regeneration"": false, ""confidence_level"": 0.95, ""diagnosis_probability"": 1.0, ""diagnosis_uncertainty"": 0.0, ""enable_topology"": false, ""failure_distribution"": ""exponential"", ""host_selection_time"": 3.0, ""job_length"": 368640, ""job_size"": 4096, ""lognormal_sigma"": 1.0, ""manual_repair_fail_prob"": 0.2, ""manual_repair_time"": 2880.0, ""max_replications"": 500, ""num_replications"": 30, ""preemption_wait_time"": 20.0, ""prob_auto_to_manual"": 0.8, ""rack_size"": 8, ""random_failure_rate"": 6.944444e-06, ""recovery_time"": 20.0, ""relative_accuracy"": 0.05, ""seed"": 42, ""spare_pool_size"": 200, ""systematic_failure_fraction"": 0.15, ""systematic_failure_rate_multiplier"": 5.0, ""warm_standbys"": 16, ""weibull_shape"": 1.0, ""working_pool_size"": 4160}"
0cab8fbdf454051a868a13743d1790b4ca4a1673,52,10,9845.199999999973,0.6240604558566605,11086,10415,671,11086,8826,8398,2688,0,11,44,0,0,6143.999999999976,3695.3333333333335,2.2,3.6666666666666665,33.25197908179101,1,"{""adaptive_replications"": true, ""auto_repair_fail_prob"": 0.4, ""auto_repair_time"": 120.0, ""bad_server_regen_interval"": 43200, ""bad_server_regeneration"": false, ""confidence_level"": 0.95, ""diagnosis_probability"": 1.0, ""diagnosis_uncertainty"": 0.0, ""enable_topology"": false, ""failure_distribution"": ""exponential"", ""host_selection_time"": 3.0, ""job_length"": 368640, ""job_size"": 4096, ""lognormal_sigma"": 1.0, ""manual_repair_fail_prob"": 0.2, ""manual_repair_time"": 2880.0, ""max_replications"": 500, ""num_replications"": 30, ""preemption_wait_time"": 20.0, ""prob_auto_to_manual"": 0.8, ""rack_size"": 8, ""random_failure_rate"": 6.944444e-06, ""recovery_time"": 20.0, ""relative_accuracy"": 0.05, ""seed"": 42, ""spare_pool_size"": 200, ""systematic_failure_fraction"": 0.15, ""systematic_failure_rate_multiplier"": 5.0, ""warm_standbys"": 16, ""weibull_shape"": 1.0, ""working_pool_size"": 4160}"
0cab8fbdf454051a868a13743d1790b4ca4a1673,53,11,9837.533333333327,0.6245468037380654,11060,10386,674,11060,8786,8370,2690,0,14,44,0,0,6144.0000000000055,3686.6666666666665,2.2,4.666666666666667,33.32927582651697,1,"{""adaptive_replications"": true, ""auto_repair_fail_prob"": 0.4, ""auto_repair_time"": 120.0, ""bad_server_regen_interval"": 43200, ""bad_server_regeneration"": false, ""confidence_level"": 0.95, ""diagnosis_probability"": 1.0, ""diagnosis_uncertainty"": 0.0, ""enable_topology"": false, ""failure_distribution"": ""exponential"", ""host_selection_time"": 3.0, ""job_length"": 368640, ""job_size"": 4096, ""lognormal_sigma"": 1.0, ""manual_repair_fail_prob"": 0.2, ""manual_repair_time"": 2880.0, ""max_replications"": 500, ""num_replications"": 30, ""preemption_wait_time"": 20.0, ""prob_auto_to_manual"": 0.8, ""rack_size"": 8, ""random_failure_rate"": 6.944444e-06, ""recovery_time"": 20.0, ""relative_accuracy"": 0.05, ""seed"": 42, ""spare_pool_size"": 200, ""systematic_failure_fraction"": 0.15, ""systematic_failure_rate_multiplier"": 5.0, ""warm_standbys"": 16, ""weibull_shape"": 1.0, ""working_pool_size"": 4160}"
0cab8fbdf454051a868a13743d1790b4ca4a1673,54,12,9873.999999999984,0.6222402268584163,11172,10473,699,11172,8910,8523,2649,0,12,40,0,0,6143.999999999994,3724.0,2.0,4.0,32.99449243244794,1,"{""adaptive_replications"": true, ""auto_repair_fail_prob"": 0.4, ""auto_repair_time"": 120.0, ""bad_server_regen_interval"": 43200, ""bad_server_regeneration"": false, ""confidence_level"": 0.95, ""diagnosis_probability"": 1.0, ""diagnosis_uncertainty"": 0.0, ""enable_topology"": false, ""failure_distribution"": ""exponential"", ""host_selection_time"": 3.0, ""job_length"": 368640, ""job_size"": 4096, ""lognormal_sigma"": 1.0, ""manual_repair_fail_prob"": 0.2, ""manual_repair_time"": 2880.0, ""max_replications"": 500, ""num_replications"": 30, ""preemption_wait_time"": 20.0, ""prob_auto_to_manual"": 0.8, ""rack_size"": 8, ""random_failure_rate"": 6.944444e-06, ""recovery_time"": 20.0, ""relative_accuracy"": 0.05, ""seed"": 42, ""spare_pool_size"": 200, ""systematic_failure_fraction"": 0.15, ""systematic_failure_rate_multiplier"": 5.0, ""warm_standbys"": 16, ""weibull_shape"": 1.0, ""working_pool_size"": 4160}"
0cab8fbdf454051a868a13743d1790b4ca4a1673,55,13,9910.616666666663,0.619941241463279,11283,10580,703,11283,9032,8605,2678,0,11,39,0,0,6143.999999999995,3761.0,1.95,3.6666666666666665,32.670891239784076,1,"{""adaptive_replications"": true, ""auto_repair_fail_prob"": 0.4, ""auto_repair_time"": 120.0, ""bad_server_regen_interval"": 43200, ""bad_server_regeneration"": false, ""confidence_level"": 0.95, ""diagnosis_probability"": 1.0, ""diagnosis_uncertainty"": 0.0, ""enable_topology"": false, ""failure_distribution"": ""exponential"", ""host_selection_time"": 3.0, ""job_length"": 368640, ""job_size"": 4096, ""lognormal_sigma"": 1.0, ""manual_repair_fail_prob"": 0.2, ""manual_repair_time"": 2880.0, ""max_replications"": 500, ""num_replications"": 30, ""preemption_wait_time"": 20.0, ""prob_auto_to_manual"": 0.8, ""rack_size"": 8, ""random_failure_rate"": 6.944444e-06, ""recovery_time"": 20.0, ""relative_accuracy"": 0.05, ""seed"": 42, ""spare_pool_size"": 200, ""systematic_failure_fraction"": 0.15, ""systematic_failure_rate_multiplier"": 5.0, ""warm_standbys"": 16, ""weibull_shape"": 1.0, ""working_pool_size"": 4160}"
0cab8fbdf454051a868a13743d1790b4ca4a1673,56,14,9881.28333333339,0.6217815837011691,11192,10511,681,11192,9021,8519,2673,0,14,39,0,0,6144.000000000002,3730.6666666666665,1.95,4.666666666666667,32.93615893343273,1,"{""adaptive_replications"": true, ""auto_repair_fail_prob"": 0.4, ""auto_repair_time"": 120.0, ""bad_server_regen_interval"": 43200, ""bad_server_regeneration"": false, ""confidence_level"": 0.95, ""diagnosis_probability"": 1.0, ""diagnosis_uncertainty"": 0.0, ""enable_topology"": false, ""failure_distribution"": ""exponential"", ""host_selection_time"": 3.0, ""job_length"": 368640, ""job_size"": 4096, ""lognormal_sigma"": 1.0, ""manual_repair_fail_prob"": 0.2, ""manual_repair_time"": 2880.0, ""max_replications"": 500, ""num_replications"": 30, ""preemption_wait_time"": 20.0, ""prob_auto_to_manual"": 0.8, ""rack_size"": 8, ""random_failure_rate"": 6.944444e-06, ""recovery_time"": 20.0, ""relative_accuracy"": 0.05, ""seed"": 42, ""spare_pool_size"": 200, ""systematic_failure_fraction"": 0.15, ""systematic_failure_rate_multiplier"": 5.0, ""warm_standbys"": 16, ""weibull_shape"": 1.0, ""working_pool_size"": 4160}"
0cab8fbdf454051a868a13743d1790b4ca4a1673,57,15,9955.066666666686,0.6171731647536256,11415,10747,668,11415,9104,8715,2700,0,11,48,0,0,6144.000000000005,3805.0,2.4,3.6666666666666665,32.29267367307554,1,"{""adaptive_replications"": true, ""auto_repair_fail_prob"": 0.4, ""auto_repair_time"": 120.0, ""bad_server_regen_interval"": 43200, ""bad_server_regeneration"": false, ""confidence_level"": 0.95, ""diagnosis_probability"": 1.0, ""diagnosis_uncertainty"": 0.0, ""enable_topology"": false, ""failure_distribution"": ""exponential"", ""host_selection_time"": 3.0, ""job_length"": 368640, ""job_size"": 4096, ""lognormal_sigma"": 1.0, ""manual_repair_fail_prob"": 0.2, ""manual_repair_time"": 2880.0, ""max_replications"": 500, ""num_replications"": 30, ""preemption_wait_time"": 20.0, ""prob_auto_to_manual"": 0.8, ""rack_size"": 8, ""random_failure_rate"": 6.944444e-06, ""recovery_time"": 20.0, ""relative_accuracy"": 0.05, ""seed"": 42, ""spare_pool_size"": 200, ""systematic_failure_fraction"": 0.15, ""systematic_failure_rate_multiplier"": 5.0, ""warm_standbys"": 16, ""weibull_shape"": 1.0, ""working_pool_size"": 4160}"
0cab8fbdf454051a868a13743d1790b4ca4a1673,58,16,9870.866666666716,0.6224377460945674,11160,10449,711,11160,8887,8410,2750,0,14,44,0,0,6144.0000000000255,3720.0,2.2,4.666666666666667,33.03038241670779,1,"{""adaptive_replications"": true, ""auto_repair_fail_prob"": 0.4, ""auto_repair_time"": 120.0, ""bad_server_regen_interval"": 43200, ""bad_server_regeneration"": false, ""confidence_level"": 0.95, ""diagnosis_probability"": 1.0, ""diagnosis_uncertainty"": 0.0, ""enable_topology"": false, ""failure_distribution"": ""exponential"", ""host_selection_time"": 3.0, ""job_length"": 368640, ""job_size"": 4096, ""lognormal_sigma"": 1.0, ""manual_repair_fail_prob"": 0.2, ""manual_repair_time"": 2880.0, ""max_replications"": 500, ""num_replications"": 30, ""preemption_wait_time"": 20.0, ""prob_auto_to_manual"": 0.8, ""rack_size"": 8, ""random_failure_rate"": 6.944444e-06, ""recovery_time"": 20.0, ""relative_accuracy"": 0.05, ""seed"": 42, ""spare_pool_size"": 200, ""systematic_failure_fraction"": 0.15, ""systematic_failure_rate_multiplier"": 5.0, ""warm_standbys"": 16, ""weibull_shape"": 1.0, ""working_pool_size"": 4160}"
0cab8fbdf454051a868a13743d1790b4ca4a1673,59,17,9838.86666666665,0.6244621670517632,11067,10371,696,11067,8819,8329,2738,0,11,44,0,0,6144.000000000015,3689.0,2.2,3.6666666666666665,33.3088513698169,1,"{""adaptive_replications"": true, ""auto_repair_fail_prob"": 0.4, ""auto_repair_time"": 120.0, ""bad_server_regen_interval"": 43200, ""bad_server_regeneration"": false, ""confidence_level"": 0.95, ""diagnosis_probability"": 1.0, ""diagnosis_uncertainty"": 0.0, ""enable_topology"": false, ""failure_distribution"": ""exponential"", ""host_selection_time"": 3.0, ""job_length"": 368640, ""job_size"": 4096, ""lognormal_sigma"": 1.0, ""manual_repair_fail_prob"": 0.2, ""manual_repair_time"": 2880.0, ""max_replications"": 500, ""num_replications"": 30, ""preemption_wait_time"": 20.0, ""prob_auto_to_manual"": 0.8, ""rack_size"": 8, ""random_failure_rate"": 6.944444e-06, ""recovery_time"": 20.0, ""relative_accuracy"": 0.05, ""seed"": 42, ""spare_pool_size"": 200, ""systematic_failure_fraction"": 0.15, ""systematic_failure_rate_multiplier"": 5.0, ""warm_standbys"": 16, ""weibull_shape"": 1.0, ""working_pool_size"": 4160}"
0cab8fbdf454051a868a13743d1790b4ca4a1673,60,18,9902.433333333307,0.6204535585529479,11256,10576,680,11256,8987,8493,2763,0,13,42,0,0,6143.99999999998,3752.0,2.1,4.333333333333333,32.74628616133854,1,"{""adaptive_replications"": true, ""auto_repair_fail_prob"": 0.4, ""auto_repair_time"": 120.0, ""bad_server_regen_interval"": 43200, ""bad_server_regeneration"": false, ""confidence_level"": 0.95, ""diagnosis_probability"": 1.0, ""diagnosis_uncertainty"": 0.0, ""enable_topology"": false, ""failure_distribution"": ""exponential"", ""host_selection_time"": 3.0, ""job_length"": 368640, ""job_size"": 4096, ""lognormal_sigma"": 1.0, ""manual_repair_fail_prob"": 0.2, ""manual_repair_time"": 2880.0, ""max_replications"": 500, ""num_replications"": 30, ""preemption_wait_time"": 20.0, ""prob_auto_to_manual"": 0.8, ""rack_size"": 8, ""random_failure_rate"": 6.944444e-06, ""recovery_time"": 20.0, ""relative_accuracy"": 0.05, ""seed"": 42, ""spare_pool_size"": 200, ""systematic_failure_fraction"": 0.15, ""systematic_failure_rate_multiplier"": 5.0, ""warm_standbys"": 16, ""weibull_shape"": 1.0, ""working_pool_size"": 4160}"
0cab8fbdf454051a868a13743d1790b4ca4a1673,61,19,9892.866666666685,0.6210535537390562,11229,10494,735,11229,8945,8463,2766,0,11,44,0,0,6143.999999999996,3743.0,2.2,3.6666666666666665,32.82470622840702,1,"{""adaptive_replications"": true, ""auto_repair_fail_prob"": 0.4, ""auto_repair_time"": 120.0, ""bad_server_regen_interval"": 43200, ""bad_server_regeneration"": false, ""confidence_level"": 0.95, ""diagnosis_probability"": 1.0, ""diagnosis_uncertainty"": 0.0, ""enable_topology"": false, ""failure_distribution"": ""exponential"", ""host_selection_time"": 3.0, ""job_length"": 368640, ""job_size"": 4096, ""lognormal_sigma"": 1.0, ""manual_repair_fail_prob"": 0.2, ""manual_repair_time"": 2880.0, ""max_replications"": 500, ""num_replications"": 30, ""preemption_wait_time"": 20.0, ""prob_auto_to_manual"": 0.8, ""rack_size"": 8, ""random_failure_rate"": 6.944444e-06, ""recovery_time"": 20.0, ""relative_accuracy"": 0.05, ""seed"": 42, ""spare_pool_size"": 200, ""systematic_failure_fraction"": 0.15, ""systematic_failure_rate_multiplier"": 5.0, ""warm_standbys"": 16, ""weibull_shape"": 1.0, ""working_pool_size"": 4160}"
0cab8fbdf454051a868a13743d1790b4ca4a1673,62,20,9813.716666666676,0.626062500955296,10991,10300,691,10991,8801,8352,2639,0,12,41,0,0,6144.000000000011,3663.6666666666665,2.05,4.0,33.53931829380352,1,"{""adaptive_replications"": true, ""auto_repair_fail_prob"": 0.4, ""auto_repair_time"": 120.0, ""bad_server_regen_interval"": 43200, ""bad_server_regeneration"": false, ""confidence_level"": 0.95, ""diagnosis_probability"": 1.0, ""diagnosis_uncertainty"": 0.0, ""enable_topology"": false, ""failure_distribution"": ""exponential"", ""host_selection_time"": 3.0, ""job_length"": 368640, ""job_size"": 4096, ""lognormal_sigma"": 1.0, ""manual_repair_fail_prob"": 0.2, ""manual_repair_time"": 2880.0, ""max_replications"": 500, ""num_replications"": 30, ""preemption_wait_time"": 20.0, ""prob_auto_to_manual"": 0.8, ""rack_size"": 8, ""random_failure_rate"": 6.944444e-06, ""recovery_time"": 20.0, ""relative_accuracy"": 0.05, ""seed"": 42, ""spare_pool_size"": 200, ""systematic_failure_fraction"": 0.15, ""systematic_failure_rate_multiplier"": 5.0, ""warm_standbys"": 16, ""weibull_shape"": 1.0, ""working_pool_size"": 4160}"
0cab8fbdf454051a868a13743d1790b4ca4a1673,63,21,9859.266666666605,0.6231700802629033,11141,10465,676,11141,8913,8503,2638,0,0,32,0,0,6143.999999999995,3713.6666666666665,1.6,0.0,33.08705322414963,1,"{""adaptive_replications"": true, ""auto_repair_fail_prob"": 0.4, ""auto_repair_time"": 120.0, ""bad_server_regen_interval"": 43200, ""bad_server_regeneration"": false, ""confidence_level"": 0.95, ""diagnosis_probability"": 1.0, ""diagnosis_uncertainty"": 0.0, ""enable_topology"": false, ""failure_distribution"": ""exponential"", ""host_selection_time"": 3.0, ""job_length"": 368640, ""job_size"": 4096, ""lognormal_sigma"": 1.0, ""manual_repair_fail_prob"": 0.2, ""manual_repair_time"": 2880.0, ""max_replications"": 500, ""num_replications"": 30, ""preemption_wait_time"": 20.0, ""prob_auto_to_manual"": 0.8, ""rack_size"": 8, ""random_failure_rate"": 6.944444e-06, ""recovery_time"": 20.0, ""relative_accuracy"": 0.05, ""seed"": 42, ""spare_pool_size"": 200, ""systematic_failure_fraction"": 0.15, ""systematic_failure_rate_multiplier"": 5.0, ""warm_standbys"": 16, ""weibull_shape"": 1.0, ""working_pool_size"": 4160}"
0cab8fbdf454051a868a13743d1790b4ca4a1673,64,22,9888.366666666665,0.621336182922022,11216,10557,659,11216,9009,8477,2739,0,12,34,0,0,6144.000000000024,3738.6666666666665,1.7,4.0,32.86713879722602,1,"{""adaptive_replications"": true, ""auto_repair_fail_prob"": 0.4, ""auto_repair_time"": 120.0, ""bad_server_regen_interval"": 43200, ""bad_server_regeneration"": false, ""confidence_level"": 0.95, ""diagnosis_probability"": 1.0, ""diagnosis_uncertainty"": 0.0, ""enable_topology"": false, ""failure_distribution"": ""exponential"", ""host_selection_time"": 3.0, ""job_length"": 368640, ""job_size"": 4096, ""lognormal_sigma"": 1.0, ""manual_repair_fail_prob"": 0.2, ""manual_repair_time"": 2880.0, ""max_replications"": 500, ""num_replications"": 30, ""preemption_wait_time"": 20.0, ""prob_auto_to_manual"": 0.8, ""rack_size"": 8, ""random_failure_rate"": 6.944444e-06, ""recovery_time"": 20.0, ""relative_accuracy"": 0.05, ""seed"": 42, ""spare_pool_size"": 200, ""systematic_failure_fraction"": 0.15, ""systematic_failure_rate_multiplier"": 5.0, ""warm_standbys"": 16, ""weibull_shape"": 1.0, ""working_pool_size"": 4160}"
0cab8fbdf454051a868a13743d1790b4ca4a1673,65,23,9871.099999999955,0.6224230328940058,11163,10484,679,11163,8953,8482,2681,0,12,42,0,0,6143.999999999994,3721.0,2.1,4.0,33.02218840994068,1,"{""adaptive_replications"": true, ""auto_repair_fail_prob"": 0.4, ""auto_repair_time"": 120.0, ""bad_server_regen_interval"": 43200, ""bad_server_regeneration"": false, ""confidence_level"": 0.95, ""diagnosis_probability"": 1.0, ""diagnosis_uncertainty"": 0.0, ""enable_topology"": false, ""failure_distribution"": ""exponential"", ""host_selection_time"": 3.0, ""job_length"": 368640, ""job_size"": 4096, ""lognormal_sigma"": 1.0, ""manual_repair_fail_prob"": 0.2, ""manual_repair_time"": 2880.0, ""max_replications"": 500, ""num_replications"": 30, ""preemption_wait_time"": 20.0, ""prob_auto_to_manual"": 0.8, ""rack_size"": 8, ""random_failure_rate"": 6.944444e-06, ""recovery_time"": 20.0, ""relative_accuracy"": 0.05, ""seed"": 42, ""spare_pool_size"": 200, ""systematic_failure_fraction"": 0.15, ""systematic_failure_rate_multiplier"": 5.0, ""warm_standbys"": 16, ""weibull_shape"": 1.0, ""working_pool_size"": 4160}"
0cab8fbdf454051a868a13743d1790b4ca4a1673,66,24,9862.900000000041,0.6229405144531518,11138,10421,717,11138,8936,8455,2683,0,13,38,0,0,6144.000000000016,3712.6666666666665,1.9,4.333333333333333,33.097054293125154,1,"{""adaptive_replications"": true, ""auto_repair_fail_prob"": 0.4, ""auto_repair_time"": 120.0, ""bad_server_regen_interval"": 43200, ""bad_server_regeneration"": false, ""confidence_level"": 0.95, ""diagnosis_probability"": 1.0, ""diagnosis_uncertainty"": 0.0, ""enable_topology"": false, ""failure_distribution"": ""exponential"", ""host_selection_time"": 3.0, ""job_length"": 368640, ""job_size"": 4096, ""lognormal_sigma"": 1.0, ""manual_repair_fail_prob"": 0.2, ""manual_repair_time"": 2880.0, ""max_replications"": 500, ""num_replications"": 30, ""preemption_wait_time"": 20.0, ""prob_auto_to_manual"": 0.8, ""rack_size"": 8, ""random_failure_rate"": 6.944444e-06, ""recovery_time"": 20.0, ""relative_accuracy"": 0.05, ""seed"": 42, ""spare_pool_size"": 200, ""systematic_failure_fraction"": 0.15, ""systematic_failure_rate_multiplier"": 5.0, ""warm_standbys"": 16, ""weibull_shape"": 1.0, ""working_pool_size"": 4160}"
0cab8fbdf454051a868a13743d1790b4ca4a1673,67,25,9869.383333333373,0.6225312962816011,11159,10502,657,11159,9015,8480,2679,0,11,41,0,0,6144.000000000055,3719.6666666666665,2.05,3.6666666666666665,33.024323976987674,1,"{""adaptive_replications"": true, ""auto_repair_fail_prob"": 0.4, ""auto_repair_time"": 120.0, ""bad_server_regen_interval"": 43200, ""bad_server_regeneration"": false, ""confidence_level"": 0.95, ""diagnosis_probability"": 1.0, ""diagnosis_uncertainty"": 0.0, ""enable_topology"": false, ""failure_distribution"": ""exponential"", ""host_selection_time"": 3.0, ""job_length"": 368640, ""job_size"": 4096, ""lognormal_sigma"": 1.0, ""manual_repair_fail_prob"": 0.2, ""manual_repair_time"": 2880.0, ""max_replications"": 500, ""num_replications"": 30, ""preemption_wait_time"": 20.0, ""prob_auto_to_manual"": 0.8, ""rack_size"": 8, ""random_failure_rate"": 6.944444e-06, ""recovery_time"": 20.0, ""relative_accuracy"": 0.05, ""seed"": 42, ""spare_pool_size"": 200, ""systematic_failure_fraction"": 0.15, ""systematic_failure_rate_multiplier"": 5.0, ""warm_standbys"": 16, ""weibull_shape"": 1.0, ""working_pool_size"": 4160}"
0cab8fbdf454051a868a13743d1790b4ca4a1673,68,26,9910.000000000042,0.6199798183652898,11280,10588,692,11280,8936,8513,2767,0,12,40,0,0,6144.000000000048,3760.0,2.0,4.0,32.67671535957253,1,"{""adaptive_replications"": true, ""auto_repair_fail_prob"": 0.4, ""auto_repair_time"": 120.0, ""bad_server_regen_interval"": 43200, ""bad_server_regeneration"": false, ""confidence_level"": 0.95, ""diagnosis_probability"": 1.0, ""diagnosis_uncertainty"": 0.0, ""enable_topology"": false, ""failure_distribution"": ""exponential"", ""host_selection_time"": 3.0, ""job_length"": 368640, ""job_size"": 4096, ""lognormal_sigma"": 1.0, ""manual_repair_fail_prob"": 0.2, ""manual_repair_time"": 2880.0, ""max_replications"": 500, ""num_replications"": 30, ""preemption_wait_time"": 20.0, ""prob_auto_to_manual"": 0.8, ""rack_size"": 8, ""random_failure_rate"": 6.944444e-06, ""recovery_time"": 20.0, ""relative_accuracy"": 0.05, ""seed"": 42, ""spare_pool_size"": 200, ""systematic_failure_fraction"": 0.15, ""systematic_failure_rate_multiplier"": 5.0, ""warm_standbys"": 16, ""weibull_shape"": 1.0, ""working_pool_size"": 4160}"
0cab8fbdf454051a868a13743d1790b4ca4a1673,69,27,9847.38333333339,0.6239220909784806,11091,10435,656,11091,8886,8446,2645,0,13,41,0,0,6144.000000000009,3697.0,2.05,4.333333333333333,33.23578010439024,1,"{""adaptive_replications"": true, ""auto_repair_fail_prob"": 0.4, ""auto_repair_time"": 120.0, ""bad_server_regen_interval"": 43200, ""bad_server_regeneration"": false, ""confidence_level"": 0.95, ""diagnosis_probability"": 1.0, ""diagnosis_uncertainty"": 0.0, ""enable_topology"": false, ""failure_distribution"": ""exponential"", ""host_selection_time"": 3.0, ""job_length"": 368640, ""job_size"": 4096, ""lognormal_sigma"": 1.0, ""manual_repair_fail_prob"": 0.2, ""manual_repair_time"": 2880.0, ""max_replications"": 500, ""num_replications"": 30, ""preemption_wait_time"": 20.0, ""prob_auto_to_manual"": 0.8, ""rack_size"": 8, ""random_failure_rate"": 6.944444e-06, ""recovery_time"": 20.0, ""relative_accuracy"": 0.05, ""seed"": 42, ""spare_pool_size"": 200, ""systematic_failure_fraction"": 0.15, ""systematic_failure_rate_multiplier"": 5.0, ""warm_standbys"": 16, ""weibull_shape"": 1.0, ""working_pool_size"": 4160}"
0cab8fbdf454051a868a13743d1790b4ca4a1673,70,28,9844.183333333318,0.6241249062475126,11082,10413,669,11082,8921,8365,2717,0,13,37,0,0,6143.999999999983,3694.0,1.85,4.333333333333333,33.26232705429413,1,"{""adaptive_replications"": true, ""auto_repair_fail_prob"": 0.4, ""auto_repair_time"": 120.0, ""bad_server_regen_interval"": 43200, ""bad_server_regeneration"": false, ""confidence_level"": 0.95, ""diagnosis_probability"": 1.0, ""diagnosis_uncertainty"": 0.0, ""enable_topology"": false, ""failure_distribution"": ""exponential"", ""host_selection_time"": 3.0, ""job_length"": 368640, ""job_size"": 4096, ""lognormal_sigma"": 1.0, ""manual_repair_fail_prob"": 0.2, ""manual_repair_time"": 2880.0, ""max_replications"": 500, ""num_replications"": 30, ""preemption_wait_time"": 20.0, ""prob_auto_to_manual"": 0.8, ""rack_size"": 8, ""random_failure_rate"": 6.944444e-06, ""recovery_time"": 20.0, ""relative_accuracy"": 0.05, ""seed"": 42, ""spare_pool_size"": 200, ""systematic_failure_fraction"": 0.15, ""systematic_failure_rate_multiplier"": 5.0, ""warm_standbys"": 16, ""weibull_shape"": 1.0, ""working_pool_size"": 4160}"
0cab8fbdf454051a868a13743d1790b4ca4a1673,71,29,9843.966666666623,0.6241386432975883,11081,10384,697,11081,8857,8401,2680,0,12,46,0,0,6143.999999999989,3693.6666666666665,2.3,4.0,33.26768739007434,1,"{""adaptive_replications"": true, ""auto_repair_fail_prob"": 0.4, ""auto_repair_time"": 120.0, ""bad_server_regen_interval"": 43200, ""bad_server_regeneration"": false, ""confidence_level"": 0.95, ""diagnosis_probability"": 1.0, ""diagnosis_uncertainty"": 0.0, ""enable_topology"": false, ""failure_distribution"": ""exponential"", ""host_selection_time"": 3.0, ""job_length"": 368640, ""job_size"": 4096, ""lognormal_sigma"": 1.0, ""manual_repair_fail_prob"": 0.2, ""manual_repair_time"": 2880.0, ""max_replications"": 500, ""num_replications"": 30, ""preemption_wait_time"": 20.0, ""prob_auto_to_manual"": 0.8, ""rack_size"": 8, ""random_failure_rate"": 6.944444e-06, ""recovery_time"": 20.0, ""relative_accuracy"": 0.05, ""seed"": 42, ""spare_pool_size"": 200, ""systematic_failure_fraction"": 0.15, ""systematic_failure_rate_multiplier"": 5.0, ""warm_standbys"": 16, ""weibull_shape"": 1.0, ""working_pool_size"": 4160}"
