parameter,param_value,policy,mean_time_hrs,stdev_time_hrs,mean_retired,stdev_retired,depleted_frac
systematic_failure_rate_multiplier,1,NeverRemove,1572.78,40.10,0.0,0.0,0.00
systematic_failure_rate_multiplier,1,Thresh ≥2/7d,1580.71,32.48,19.9,5.7,0.00
systematic_failure_rate_multiplier,1,Thresh ≥3/7d,1572.78,40.10,0.0,0.0,0.00
systematic_failure_rate_multiplier,2,NeverRemove,1633.01,39.55,0.0,0.0,0.00
systematic_failure_rate_multiplier,2,Thresh ≥2/7d,1660.96,43.75,20.4,5.5,0.00
systematic_failure_rate_multiplier,2,Thresh ≥3/7d,1629.78,38.52,0.1,0.4,0.00
systematic_failure_rate_multiplier,5,NeverRemove,1848.27,47.11,0.0,0.0,0.00
systematic_failure_rate_multiplier,5,Thresh ≥2/7d,1864.41,30.95,34.1,5.5,0.00
systematic_failure_rate_multiplier,5,Thresh ≥3/7d,1862.54,27.83,0.4,0.5,0.00
systematic_failure_rate_multiplier,10,NeverRemove,2095.58,40.08,0.0,0.0,0.00
systematic_failure_rate_multiplier,10,Thresh ≥2/7d,2054.13,47.21,58.6,3.7,0.00
systematic_failure_rate_multiplier,10,Thresh ≥3/7d,2082.97,52.43,1.6,0.7,0.00
systematic_failure_rate_multiplier,15,NeverRemove,2267.56,65.93,0.0,0.0,0.00
systematic_failure_rate_multiplier,15,Thresh ≥2/7d,2217.85,56.68,83.1,10.1,0.00
systematic_failure_rate_multiplier,15,Thresh ≥3/7d,2260.24,30.05,2.9,2.0,0.00
systematic_failure_rate_multiplier,20,NeverRemove,2394.64,38.69,0.0,0.0,0.00
systematic_failure_rate_multiplier,20,Thresh ≥2/7d,2305.79,68.15,105.6,12.5,0.00
systematic_failure_rate_multiplier,20,Thresh ≥3/7d,2385.13,46.82,3.8,2.3,0.00
systematic_failure_rate_multiplier,25,NeverRemove,2470.62,54.66,0.0,0.0,0.00
systematic_failure_rate_multiplier,25,Thresh ≥2/7d,2343.06,44.69,115.0,8.0,0.00
systematic_failure_rate_multiplier,25,Thresh ≥3/7d,2465.84,37.23,6.1,2.9,0.00
systematic_failure_rate_multiplier,30,NeverRemove,2535.48,58.08,0.0,0.0,0.00
systematic_failure_rate_multiplier,30,Thresh ≥2/7d,2360.60,51.59,128.4,6.2,0.00
systematic_failure_rate_multiplier,30,Thresh ≥3/7d,2508.89,69.46,10.5,3.3,0.00
manual_repair_fail_prob,0.0,NeverRemove,1874.54,46.84,0.0,0.0,0.00
manual_repair_fail_prob,0.0,Thresh ≥2/7d,1865.36,38.51,29.2,4.3,0.00
manual_repair_fail_prob,0.0,Thresh ≥3/7d,1874.54,46.84,0.0,0.0,0.00
manual_repair_fail_prob,0.2,NeverRemove,1934.41,36.13,0.0,0.0,0.00
manual_repair_fail_prob,0.2,Thresh ≥2/7d,1941.54,29.58,41.1,8.2,0.00
manual_repair_fail_prob,0.2,Thresh ≥3/7d,1946.16,41.30,0.6,0.9,0.00
manual_repair_fail_prob,0.4,NeverRemove,2067.45,44.21,0.0,0.0,0.00
manual_repair_fail_prob,0.4,Thresh ≥2/7d,2024.75,30.97,58.8,5.8,0.00
manual_repair_fail_prob,0.4,Thresh ≥3/7d,2060.97,28.70,1.6,1.3,0.00
manual_repair_fail_prob,0.6,NeverRemove,2221.01,51.13,0.0,0.0,0.00
manual_repair_fail_prob,0.6,Thresh ≥2/7d,2167.05,38.21,76.9,8.7,0.00
manual_repair_fail_prob,0.6,Thresh ≥3/7d,2232.63,49.16,2.9,1.8,0.00
manual_repair_fail_prob,0.75,NeverRemove,2394.64,38.69,0.0,0.0,0.00
manual_repair_fail_prob,0.75,Thresh ≥2/7d,2305.79,68.15,105.6,12.5,0.00
manual_repair_fail_prob,0.75,Thresh ≥3/7d,2385.13,46.82,3.8,2.3,0.00
manual_repair_fail_prob,0.9,NeverRemove,2605.99,37.82,0.0,0.0,0.00
manual_repair_fail_prob,0.9,Thresh ≥2/7d,2504.12,48.05,128.0,12.5,0.00
manual_repair_fail_prob,0.9,Thresh ≥3/7d,2601.04,76.76,7.4,2.8,0.00
working_pool_size,4130,NeverRemove,2345.41,48.98,0.0,0.0,0.00
working_pool_size,4130,Thresh ≥2/7d,2285.06,40.80,96.4,8.5,0.00
working_pool_size,4130,Thresh ≥3/7d,2350.31,47.45,5.0,1.8,0.00
working_pool_size,4200,NeverRemove,2378.98,46.09,0.0,0.0,0.00
working_pool_size,4200,Thresh ≥2/7d,2293.01,39.09,101.0,10.2,0.00
working_pool_size,4200,Thresh ≥3/7d,2383.74,40.63,3.6,1.5,0.00
working_pool_size,4300,NeverRemove,2354.99,34.37,0.0,0.0,0.00
working_pool_size,4300,Thresh ≥2/7d,2258.01,59.54,96.6,8.8,0.00
working_pool_size,4300,Thresh ≥3/7d,2346.33,69.32,4.4,1.5,0.00
working_pool_size,4400,NeverRemove,2392.85,58.02,0.0,0.0,0.00
working_pool_size,4400,Thresh ≥2/7d,2257.49,44.84,100.5,11.6,0.00
working_pool_size,4400,Thresh ≥3/7d,2396.39,40.25,5.0,1.9,0.00
working_pool_size,4500,NeverRemove,2341.47,27.86,0.0,0.0,0.00
working_pool_size,4500,Thresh ≥2/7d,2277.15,32.48,102.9,12.3,0.00
working_pool_size,4500,Thresh ≥3/7d,2355.88,41.10,3.4,1.4,0.00
working_pool_size,4600,NeverRemove,2394.64,38.69,0.0,0.0,0.00
working_pool_size,4600,Thresh ≥2/7d,2305.79,68.15,105.6,12.5,0.00
working_pool_size,4600,Thresh ≥3/7d,2385.13,46.82,3.8,2.3,0.00
working_pool_size,4800,NeverRemove,2396.20,36.52,0.0,0.0,0.00
working_pool_size,4800,Thresh ≥2/7d,2341.51,50.06,104.9,8.2,0.00
working_pool_size,4800,Thresh ≥3/7d,2420.14,67.86,5.2,2.4,0.00
systematic_failure_fraction,0.01,NeverRemove,1595.42,23.96,0.0,0.0,0.00
systematic_failure_fraction,0.01,Thresh ≥2/7d,1575.34,32.65,29.9,6.3,0.00
systematic_failure_fraction,0.01,Thresh ≥3/7d,1585.02,25.70,0.4,0.5,0.00
systematic_failure_fraction,0.03,NeverRemove,1837.29,59.89,0.0,0.0,0.00
systematic_failure_fraction,0.03,Thresh ≥2/7d,1782.29,32.59,58.2,4.4,0.00
systematic_failure_fraction,0.03,Thresh ≥3/7d,1795.92,31.52,2.1,1.5,0.00
systematic_failure_fraction,0.05,NeverRemove,2064.96,42.15,0.0,0.0,0.00
systematic_failure_fraction,0.05,Thresh ≥2/7d,1999.26,35.65,75.1,9.1,0.00
systematic_failure_fraction,0.05,Thresh ≥3/7d,2061.11,33.85,3.2,1.7,0.00
systematic_failure_fraction,0.08,NeverRemove,2394.64,38.69,0.0,0.0,0.00
systematic_failure_fraction,0.08,Thresh ≥2/7d,2305.79,68.15,105.6,12.5,0.00
systematic_failure_fraction,0.08,Thresh ≥3/7d,2385.13,46.82,3.8,2.3,0.00
systematic_failure_fraction,0.12,NeverRemove,2860.64,32.15,0.0,0.0,0.00
systematic_failure_fraction,0.12,Thresh ≥2/7d,2744.63,45.08,128.6,9.6,0.00
systematic_failure_fraction,0.12,Thresh ≥3/7d,2832.91,47.41,3.5,2.3,0.00
systematic_failure_fraction,0.2,NeverRemove,3800.43,49.74,0.0,0.0,0.00
systematic_failure_fraction,0.2,Thresh ≥2/7d,3625.51,57.36,171.9,18.8,0.00
systematic_failure_fraction,0.2,Thresh ≥3/7d,3800.39,46.76,5.1,1.1,0.00
recovery_time,5,NeverRemove,499.98,3.12,0.0,0.0,0.00
recovery_time,5,Thresh ≥2/7d,487.48,3.03,227.5,12.8,0.00
recovery_time,5,Thresh ≥3/7d,497.70,3.57,46.1,7.0,0.00
recovery_time,10,NeverRemove,670.71,8.72,0.0,0.0,0.00
recovery_time,10,Thresh ≥2/7d,639.07,5.58,206.9,10.2,0.00
recovery_time,10,Thresh ≥3/7d,668.16,6.99,37.2,5.2,0.00
recovery_time,20,NeverRemove,1012.93,13.85,0.0,0.0,0.00
recovery_time,20,Thresh ≥2/7d,963.28,20.51,171.9,7.0,0.00
recovery_time,20,Thresh ≥3/7d,1011.02,14.80,20.1,3.3,0.00
recovery_time,40,NeverRemove,1701.91,35.73,0.0,0.0,0.00
recovery_time,40,Thresh ≥2/7d,1608.15,19.75,133.1,11.2,0.00
recovery_time,40,Thresh ≥3/7d,1697.61,28.06,6.5,2.1,0.00
recovery_time,60,NeverRemove,2394.64,38.69,0.0,0.0,0.00
recovery_time,60,Thresh ≥2/7d,2305.79,68.15,105.6,12.5,0.00
recovery_time,60,Thresh ≥3/7d,2385.13,46.82,3.8,2.3,0.00
recovery_time,90,NeverRemove,3442.19,72.04,0.0,0.0,0.00
recovery_time,90,Thresh ≥2/7d,3337.86,55.92,73.5,10.7,0.00
recovery_time,90,Thresh ≥3/7d,3454.03,79.38,1.9,1.2,0.00
auto_repair_fail_prob,0.0,NeverRemove,2229.07,67.06,0.0,0.0,0.00
auto_repair_fail_prob,0.0,Thresh ≥2/7d,2181.93,42.44,75.5,7.3,0.00
auto_repair_fail_prob,0.0,Thresh ≥3/7d,2199.32,43.34,1.5,0.9,0.00
auto_repair_fail_prob,0.2,NeverRemove,2280.96,22.63,0.0,0.0,0.00
auto_repair_fail_prob,0.2,Thresh ≥2/7d,2198.96,43.62,83.5,6.3,0.00
auto_repair_fail_prob,0.2,Thresh ≥3/7d,2248.46,36.28,3.0,2.0,0.00
auto_repair_fail_prob,0.4,NeverRemove,2370.75,58.57,0.0,0.0,0.00
auto_repair_fail_prob,0.4,Thresh ≥2/7d,2258.02,49.96,94.6,7.6,0.00
auto_repair_fail_prob,0.4,Thresh ≥3/7d,2361.24,68.85,2.8,1.6,0.00
auto_repair_fail_prob,0.6,NeverRemove,2394.64,38.69,0.0,0.0,0.00
auto_repair_fail_prob,0.6,Thresh ≥2/7d,2305.79,68.15,105.6,12.5,0.00
auto_repair_fail_prob,0.6,Thresh ≥3/7d,2385.13,46.82,3.8,2.3,0.00
auto_repair_fail_prob,0.8,NeverRemove,2439.38,44.87,0.0,0.0,0.00
auto_repair_fail_prob,0.8,Thresh ≥2/7d,2373.31,55.58,108.6,9.8,0.00
auto_repair_fail_prob,0.8,Thresh ≥3/7d,2481.92,57.13,4.1,1.0,0.00
spare_pool_size,50,NeverRemove,2401.13,42.17,0.0,0.0,0.00
spare_pool_size,50,Thresh ≥2/7d,2333.12,36.62,98.5,10.5,0.00
spare_pool_size,50,Thresh ≥3/7d,2369.96,33.42,3.5,1.8,0.00
spare_pool_size,100,NeverRemove,2417.50,54.84,0.0,0.0,0.00
spare_pool_size,100,Thresh ≥2/7d,2295.66,20.80,107.0,12.1,0.00
spare_pool_size,100,Thresh ≥3/7d,2388.05,43.83,4.9,1.7,0.00
spare_pool_size,150,NeverRemove,2358.46,59.79,0.0,0.0,0.00
spare_pool_size,150,Thresh ≥2/7d,2305.76,32.13,104.0,11.1,0.00
spare_pool_size,150,Thresh ≥3/7d,2364.23,65.54,3.6,1.4,0.00
spare_pool_size,200,NeverRemove,2394.64,38.69,0.0,0.0,0.00
spare_pool_size,200,Thresh ≥2/7d,2305.79,68.15,105.6,12.5,0.00
spare_pool_size,200,Thresh ≥3/7d,2385.13,46.82,3.8,2.3,0.00
spare_pool_size,300,NeverRemove,2384.49,75.32,0.0,0.0,0.00
spare_pool_size,300,Thresh ≥2/7d,2294.52,28.18,105.0,7.5,0.00
spare_pool_size,300,Thresh ≥3/7d,2399.62,44.98,4.0,2.0,0.00
spare_pool_size,500,NeverRemove,2379.96,17.73,0.0,0.0,0.00
spare_pool_size,500,Thresh ≥2/7d,2318.89,54.18,103.4,9.7,0.00
spare_pool_size,500,Thresh ≥3/7d,2385.99,51.12,3.9,2.0,0.00
